"","id","tipo","periodo","monto","mandatarios06","recibos"
"1",1,"Reg-Cov","",24667278,NA,NA
"2",1,"Reg-Cov","2019",1220472,NA,NA
"3",1,"Reg-Cov","2021",68202589.43,NA,NA
"4",1,"Reg-Cov","2022",247656379.75,NA,NA
"5",1,"Reg-Cov","A Vencer",630617,NA,228895989.8
"6",5,"Detectar","",8957365,NA,NA
"7",5,"Detectar","A Vencer",5647685,NA,NA
"8",5,"Reg-Cov","",2726357.4,NA,NA
"9",5,"Reg-Cov","2018",1743.68,NA,1743.66
"10",5,"Reg-Cov","2019",84206.14,NA,4936.14
"11",5,"Reg-Cov","2022",370631,NA,370631
"12",5,"Reg-Cov","A Vencer",7828064.99,NA,NA
"13",5,"Turismo","2022",41472366,NA,NA
"14",14,"Reg-Cov","2017",1156163.89,NA,NA
"15",14,"Reg-Cov","2018",36193125.35,NA,NA
"16",14,"Reg-Cov","2019",31062486.05,NA,NA
"17",14,"Reg-Cov","2021",17704.72,NA,NA
"18",101,"Reg-Cov","2017",8415.8,NA,NA
"19",101,"Reg-Cov","2018",15282.5,NA,NA
"20",102,"Reg-Cov","A Vencer",503743.7,NA,NA
"21",103,"Detectar","A Vencer",288653,NA,NA
"22",103,"Reg-Cov","A Vencer",168678,NA,NA
"23",106,"Detectar","A Vencer",314694,NA,NA
"24",106,"Reg-Cov","",851862.62,NA,1775.66
"25",106,"Reg-Cov","A Vencer",362640,NA,10032
"26",109,"Detectar","A Vencer",71196,NA,NA
"27",109,"Reg-Cov","",1092085.21,NA,NA
"28",109,"Reg-Cov","A Vencer",423154.38,NA,NA
"29",111,"Detectar","2021",378827,378827,NA
"30",111,"Detectar","2022",64347,64347,NA
"31",111,"Reg-Cov","",1226916.16,NA,NA
"32",111,"Reg-Cov","2021",4546282.07,4546282.07,NA
"33",111,"Reg-Cov","2022",8988929.34,8203275.26,NA
"34",111,"Reg-Cov","A Vencer",571765,NA,NA
"35",113,"Detectar","A Vencer",389934,NA,NA
"36",113,"Reg-Cov","2022",18123,NA,NA
"37",113,"Reg-Cov","A Vencer",256293,NA,505134
"38",116,"Detectar","A Vencer",756553,NA,NA
"39",116,"Reg-Cov","",764833.4,NA,344.25
"40",116,"Reg-Cov","2022",724787,NA,48577
"41",116,"Reg-Cov","A Vencer",1130571.5,NA,117147
"42",118,"Detectar","2022",11201,NA,NA
"43",118,"Turismo","2021",44460,NA,NA
"44",120,"Detectar","",20890,NA,NA
"45",120,"Detectar","2022",111138,NA,231744.62
"46",120,"Reg-Cov","",289712.45,NA,NA
"47",120,"Reg-Cov","2022",130848.62,NA,231744.62
"48",120,"Reg-Cov","A Vencer",102661.22,NA,NA
"49",121,"Reg-Cov","A Vencer",55480,NA,NA
"50",126,"Detectar","2021",31751,NA,1516171.78
"51",126,"Detectar","2022",39529,NA,780359.29
"52",126,"Detectar","A Vencer",83499,NA,NA
"53",126,"Reg-Cov","",68848,NA,NA
"54",126,"Reg-Cov","2021",4033830.39,NA,2051323.39
"55",126,"Reg-Cov","2022",7524895,NA,953819.29
"56",126,"Reg-Cov","A Vencer",119057,NA,NA
"57",127,"Detectar","A Vencer",647863,NA,NA
"58",127,"Reg-Cov","",421727,NA,NA
"59",127,"Reg-Cov","A Vencer",1211990.06,NA,NA
"60",128,"Detectar","A Vencer",76137,NA,61236
"61",129,"Reg-Cov","A Vencer",30977,NA,169334
"62",130,"Detectar","2022",19276,NA,NA
"63",130,"Reg-Cov","A Vencer",10492,NA,NA
"64",131,"Detectar","",1800881,NA,NA
"65",131,"Detectar","A Vencer",120353,NA,NA
"66",131,"Reg-Cov","",3461493.67,NA,NA
"67",131,"Reg-Cov","2019",1010,NA,NA
"68",131,"Reg-Cov","2020",126819,NA,NA
"69",131,"Reg-Cov","2021",1900646.86,NA,NA
"70",131,"Reg-Cov","2022",3531179.13,NA,1188921.99
"71",131,"Reg-Cov","A Vencer",22630654.28,NA,NA
"72",132,"Detectar","A Vencer",179330,NA,NA
"73",132,"Reg-Cov","2022",2929627.17,NA,NA
"74",132,"Reg-Cov","A Vencer",43608,NA,NA
"75",135,"Reg-Cov","2019",6568,NA,NA
"76",135,"Reg-Cov","2021",1994,NA,NA
"77",135,"Reg-Cov","2022",5034,NA,NA
"78",135,"Reg-Cov","A Vencer",11927,NA,10071
"79",137,"Reg-Cov","A Vencer",76416,NA,66544
"80",138,"Reg-Cov","A Vencer",271833,NA,284231
"81",140,"Detectar","A Vencer",891403,NA,NA
"82",140,"Reg-Cov","",1047417.73,NA,NA
"83",140,"Reg-Cov","2020",172504.92,NA,NA
"84",140,"Reg-Cov","2021",1101025.42,NA,NA
"85",140,"Reg-Cov","A Vencer",555111.22,NA,NA
"86",150,"Detectar","2021",16712,NA,949490.88
"87",150,"Detectar","2022",22053,NA,535725.5
"88",150,"Detectar","A Vencer",4107612,NA,NA
"89",150,"Reg-Cov","",2252711.76,NA,NA
"90",150,"Reg-Cov","2019",1191,NA,1191
"91",150,"Reg-Cov","2020",202,NA,202
"92",150,"Reg-Cov","2021",976836.27,57482,949490.88
"93",150,"Reg-Cov","2022",513672.5,NA,535725.5
"94",150,"Reg-Cov","A Vencer",7490240.47,NA,NA
"95",150,"Turismo","2021",1218680,425000,936956.88
"96",151,"Detectar","",1807989,NA,NA
"97",151,"Detectar","2021",1432896,1432896,NA
"98",151,"Detectar","2022",1610706,505363,NA
"99",151,"Reg-Cov","",94807,NA,NA
"100",151,"Reg-Cov","2021",489015,489015,NA
"101",151,"Reg-Cov","2022",925858.36,531946,NA
"102",151,"Reg-Cov","A Vencer",9252,NA,NA
"103",151,"Turismo","2021",4458043,4458043,NA
"104",154,"Reg-Cov","A Vencer",5643,NA,4647
"105",156,"Detectar","A Vencer",65078,NA,NA
"106",156,"Reg-Cov","A Vencer",40040,NA,94528
"107",157,"Detectar","2022",31631,NA,48609
"108",157,"Reg-Cov","2022",16978,NA,48609
"109",157,"Reg-Cov","A Vencer",45672,NA,45672
"110",158,"Detectar","A Vencer",330092,NA,NA
"111",158,"Reg-Cov","",31763,NA,NA
"112",158,"Reg-Cov","2022",420114.04,NA,NA
"113",158,"Reg-Cov","A Vencer",133772,NA,NA
"114",161,"Detectar","A Vencer",192450,NA,240770
"115",161,"Reg-Cov","",1382,NA,6
"116",161,"Reg-Cov","2018",688,NA,NA
"117",161,"Reg-Cov","2022",530,NA,NA
"118",161,"Reg-Cov","A Vencer",237184,NA,275468
"119",161,"Turismo","2021",3080,NA,NA
"120",163,"Detectar","2021",31610,NA,NA
"121",163,"Detectar","2022",41780,NA,NA
"122",163,"Reg-Cov","",122739,NA,NA
"123",163,"Reg-Cov","2021",3309210.26,NA,NA
"124",163,"Reg-Cov","2022",1279971.82,NA,NA
"125",163,"Reg-Cov","A Vencer",204117.4,NA,NA
"126",163,"Turismo","2021",5000,NA,NA
"127",164,"Detectar","2022",83008,36100,NA
"128",164,"Reg-Cov","",486432,NA,NA
"129",164,"Reg-Cov","2019",150197,150197,NA
"130",164,"Reg-Cov","2021",2755159.56,2755159.56,NA
"131",164,"Reg-Cov","2022",3639152.91,1986289.39,NA
"132",164,"Reg-Cov","A Vencer",2680513.55,NA,NA
"133",164,"Turismo","2021",15280,15280,NA
"134",165,"Detectar","2022",13816,NA,44687
"135",165,"Reg-Cov","2022",30871,NA,44687
"136",165,"Reg-Cov","A Vencer",154686,NA,154686
"137",167,"Detectar","",9057098,NA,141875.31
"138",167,"Detectar","A Vencer",3000462,NA,NA
"139",167,"Reg-Cov","",37701532.34,NA,1185645.96
"140",167,"Reg-Cov","2021",1933343.93,NA,1458616.66
"141",167,"Reg-Cov","2022",9305446.71,NA,2799400.15
"142",167,"Reg-Cov","A Vencer",19952024.87,NA,NA
"143",167,"Reg-Cov","Actual",1051236.65,NA,44914719.24
"144",168,"Detectar","",10554,NA,NA
"145",168,"Detectar","2021",44919,NA,NA
"146",168,"Detectar","2022",8988,NA,NA
"147",168,"Detectar","A Vencer",122410,NA,NA
"148",168,"Reg-Cov","",627406.5,NA,NA
"149",168,"Reg-Cov","2021",101647,NA,NA
"150",168,"Reg-Cov","2022",874993.18,NA,NA
"151",168,"Reg-Cov","A Vencer",1653066.37,NA,NA
"152",169,"Reg-Cov","",179285.58,NA,NA
"153",169,"Reg-Cov","A Vencer",47359,NA,NA
"154",171,"Detectar","",44544,NA,NA
"155",171,"Detectar","2022",22326,NA,NA
"156",171,"Reg-Cov","",230332,NA,NA
"157",171,"Reg-Cov","2019",7735,NA,NA
"158",171,"Reg-Cov","2022",257994.56,NA,51096
"159",171,"Reg-Cov","A Vencer",285234,NA,44475
"160",171,"Turismo","2021",90000,90000,NA
"161",172,"Detectar","",1062673,NA,NA
"162",172,"Detectar","2022",610530,NA,610530
"163",172,"Reg-Cov","",1754956.18,NA,NA
"164",172,"Reg-Cov","2022",940338.67,NA,930692.67
"165",172,"Reg-Cov","A Vencer",1206995.25,NA,NA
"166",174,"Detectar","",46422230,NA,NA
"167",174,"Detectar","2021",74861490.65,NA,NA
"168",174,"Detectar","2022",25843357.19,NA,NA
"169",174,"Detectar","A Vencer",27672446,NA,NA
"170",174,"Reg-Cov","",88949291.42,NA,8252751.17
"171",174,"Reg-Cov","2020",13406706.61,NA,2970182.38
"172",174,"Reg-Cov","2021",122696664.55,NA,15689421.72
"173",174,"Reg-Cov","2022",132935827.07,NA,618150.4
"174",174,"Reg-Cov","A Vencer",60156159.28,NA,7589731.34
"175",174,"Turismo","2021",60786406.75,NA,NA
"176",174,"Turismo","2022",522468,NA,NA
"177",175,"Detectar","2022",309762,NA,NA
"178",175,"Detectar","A Vencer",437186,NA,NA
"179",175,"Reg-Cov","",367029,NA,NA
"180",175,"Reg-Cov","2021",1071447.72,NA,NA
"181",175,"Reg-Cov","2022",625900.63,NA,753864.41
"182",175,"Reg-Cov","A Vencer",403089.41,NA,NA
"183",176,"Detectar","",3729589,NA,NA
"184",176,"Detectar","2021",6133661,NA,NA
"185",176,"Detectar","2022",6650941,NA,NA
"186",176,"Detectar","A Vencer",1025753,NA,NA
"187",176,"Reg-Cov","",14918585.46,NA,NA
"188",176,"Reg-Cov","2020",10239591.88,NA,NA
"189",176,"Reg-Cov","2021",130428156.71,NA,NA
"190",176,"Reg-Cov","2022",160631727.14,NA,NA
"191",176,"Reg-Cov","A Vencer",28334482.9,NA,NA
"192",176,"Turismo","2021",2027480,NA,NA
"193",177,"Detectar","A Vencer",489150,NA,NA
"194",177,"Reg-Cov","A Vencer",100604,NA,NA
"195",178,"Detectar","",24669492,NA,NA
"196",178,"Detectar","2021",69581702,NA,NA
"197",178,"Detectar","2022",25280657,NA,NA
"198",178,"Detectar","A Vencer",14584296,NA,NA
"199",178,"Reg-Cov","",27550444.34,NA,NA
"200",178,"Reg-Cov","2019",1562168.58,NA,NA
"201",178,"Reg-Cov","2020",11784299.26,NA,NA
"202",178,"Reg-Cov","2021",121877787.82,NA,NA
"203",178,"Reg-Cov","2022",67888180.87,NA,5350783.99
"204",178,"Reg-Cov","A Vencer",46051868.05,NA,15522294.05
"205",178,"Turismo","2021",104192482,NA,NA
"206",179,"Reg-Cov","",43069,NA,NA
"207",179,"Reg-Cov","2022",250,NA,250
"208",179,"Reg-Cov","A Vencer",1049438.83,NA,951649.83
"209",180,"Detectar","2022",82002,NA,62441
"210",180,"Detectar","A Vencer",227521,NA,NA
"211",180,"Reg-Cov","",209891.63,NA,NA
"212",180,"Reg-Cov","2021",38961,NA,38961
"213",180,"Reg-Cov","2022",472091,NA,429874
"214",180,"Reg-Cov","A Vencer",154481,NA,NA
"215",180,"Turismo","2021",48060,NA,48060
"216",183,"Reg-Cov","A Vencer",19413,NA,19413
"217",184,"Detectar","2021",5401,5401,NA
"218",184,"Detectar","A Vencer",83625,NA,700565
"219",184,"Reg-Cov","",2813,NA,NA
"220",184,"Reg-Cov","2019",3005.16,3005.16,NA
"221",184,"Reg-Cov","2021",21293,53643.59,NA
"222",184,"Reg-Cov","2022",491375.7,15726,475649.7
"223",184,"Reg-Cov","A Vencer",2534931.51,NA,2948205
"224",184,"Turismo","2021",34144,34144,NA
"225",186,"Detectar","A Vencer",299381,NA,293037
"226",186,"Reg-Cov","2021",0.07,NA,NA
"227",186,"Reg-Cov","A Vencer",129569,NA,293037
"228",187,"Detectar","2022",53625,NA,NA
"229",187,"Detectar","A Vencer",113526,NA,NA
"230",187,"Reg-Cov","",104286,NA,NA
"231",187,"Reg-Cov","2021",25810,NA,NA
"232",187,"Reg-Cov","2022",934535.85,NA,379475
"233",187,"Reg-Cov","A Vencer",485394.55,NA,NA
"234",189,"Detectar","A Vencer",352589,NA,352589
"235",189,"Reg-Cov","",7085,NA,17.53
"236",189,"Reg-Cov","2022",1896,NA,1896
"237",189,"Reg-Cov","A Vencer",912462.98,NA,541637.72
"238",190,"Detectar","A Vencer",79930,NA,NA
"239",190,"Reg-Cov","",26113,NA,NA
"240",190,"Reg-Cov","A Vencer",76789,NA,NA
"241",192,"Detectar","A Vencer",550527,NA,184019
"242",192,"Reg-Cov","A Vencer",1621368.76,NA,1708878.76
"243",193,"Reg-Cov","",223716.35,NA,NA
"244",194,"Detectar","A Vencer",300704,NA,NA
"245",194,"Reg-Cov","2022",245392.22,NA,NA
"246",194,"Reg-Cov","A Vencer",388693.22,NA,58977
"247",195,"Detectar","2022",56050,NA,NA
"248",195,"Reg-Cov","",264712,NA,NA
"249",195,"Reg-Cov","2022",153022,NA,NA
"250",195,"Reg-Cov","A Vencer",360075.76,NA,NA
"251",196,"Detectar","2022",4178,NA,NA
"252",196,"Detectar","A Vencer",230704,NA,NA
"253",196,"Reg-Cov","",192418.54,NA,NA
"254",196,"Reg-Cov","2022",6031798.51,NA,1e+05
"255",196,"Reg-Cov","A Vencer",255924.85,NA,NA
"256",199,"Detectar","A Vencer",593100,NA,NA
"257",199,"Reg-Cov","",169202.39,NA,NA
"258",199,"Reg-Cov","A Vencer",270818,NA,NA
"259",200,"Detectar","",22336,NA,NA
"260",200,"Detectar","2021",44550,NA,NA
"261",200,"Detectar","2022",547632,NA,NA
"262",200,"Reg-Cov","",95910,NA,NA
"263",200,"Reg-Cov","2021",1757388.06,NA,NA
"264",200,"Reg-Cov","2022",1134535.37,NA,NA
"265",200,"Reg-Cov","A Vencer",96893.29,NA,NA
"266",202,"Detectar","A Vencer",2458654,NA,NA
"267",202,"Reg-Cov","",21764283.97,NA,NA
"268",202,"Reg-Cov","2019",226379.43,NA,NA
"269",202,"Reg-Cov","2021",119228,123885.85,NA
"270",202,"Reg-Cov","2022",14829236.76,NA,5069984.51
"271",202,"Reg-Cov","A Vencer",8868359.47,NA,NA
"272",204,"Reg-Cov","2018",1509383.04,NA,NA
"273",204,"Reg-Cov","2020",388826.29,NA,NA
"274",204,"Reg-Cov","2022",8504,NA,8504
"275",204,"Reg-Cov","A Vencer",25616,NA,NA
"276",205,"Detectar","2021",63582,NA,NA
"277",205,"Detectar","2022",519024,NA,NA
"278",205,"Detectar","A Vencer",1582717,NA,NA
"279",205,"Reg-Cov","",3430654.14,NA,NA
"280",205,"Reg-Cov","2021",131761,NA,NA
"281",205,"Reg-Cov","2022",5135953.9,NA,20484
"282",205,"Reg-Cov","A Vencer",2957389.25,NA,NA
"283",216,"Detectar","2022",475247,NA,NA
"284",216,"Reg-Cov","",1285922,NA,NA
"285",216,"Reg-Cov","2021",302158,302158,NA
"286",216,"Reg-Cov","2022",4782112,NA,NA
"287",216,"Reg-Cov","A Vencer",701779.01,NA,NA
"288",216,"Turismo","2021",2092500,2092500,NA
"289",218,"Detectar","A Vencer",1605962,NA,NA
"290",218,"Reg-Cov","",2507122.51,NA,NA
"291",218,"Reg-Cov","A Vencer",1545354,NA,NA
"292",224,"Detectar","A Vencer",398758,NA,NA
"293",224,"Reg-Cov","",2938,NA,NA
"294",224,"Reg-Cov","2022",129222.89,NA,129222.8
"295",224,"Reg-Cov","A Vencer",525899.44,NA,503653.05
"296",227,"Detectar","",2640531,NA,NA
"297",227,"Detectar","2021",1299282,1323276.3,NA
"298",227,"Detectar","2022",3129833,NA,NA
"299",227,"Detectar","A Vencer",335543,NA,NA
"300",227,"Reg-Cov","",14315347.91,NA,NA
"301",227,"Reg-Cov","2021",7499188.38,7679053.9,NA
"302",227,"Reg-Cov","2022",55078561.37,3691911.23,NA
"303",227,"Reg-Cov","A Vencer",8920972.16,NA,NA
"304",227,"Turismo","2021",22945,95139.01,NA
"305",233,"Detectar","2021",782313,NA,NA
"306",233,"Detectar","2022",4936781,NA,NA
"307",233,"Detectar","A Vencer",5203523,NA,NA
"308",233,"Reg-Cov","",17077230.81,NA,6185103.57
"309",233,"Reg-Cov","2021",3131179.43,NA,2360141.43
"310",233,"Reg-Cov","2022",82718955.03,NA,630018
"311",233,"Reg-Cov","A Vencer",9092710.56,NA,NA
"312",235,"Reg-Cov","2022",666759.77,NA,NA
"313",235,"Reg-Cov","A Vencer",457521,NA,169016
"314",238,"Detectar","",67080,NA,NA
"315",238,"Detectar","2021",3764,NA,NA
"316",238,"Detectar","2022",8356,8356,NA
"317",238,"Reg-Cov","",142004,NA,NA
"318",238,"Reg-Cov","2017",382.4,233,NA
"319",238,"Reg-Cov","2019",6611,6611,NA
"320",238,"Reg-Cov","2021",10162,17728.47,NA
"321",238,"Reg-Cov","2022",490797,191053,299744
"322",238,"Reg-Cov","A Vencer",24527,NA,NA
"323",238,"Turismo","2021",2500,2500,NA
"324",239,"Reg-Cov","",493716.58,NA,NA
"325",239,"Reg-Cov","2022",1931638.03,NA,1900327.21
"326",241,"Detectar","",15129,NA,NA
"327",241,"Detectar","2022",4178,NA,98407.74
"328",241,"Reg-Cov","",21452,NA,NA
"329",241,"Reg-Cov","2022",116152.74,NA,98407.74
"330",243,"Reg-Cov","",25220,NA,NA
"331",243,"Reg-Cov","2022",6241,NA,NA
"332",243,"Reg-Cov","A Vencer",477094.24,NA,NA
"333",244,"Detectar","",181482,NA,NA
"334",244,"Detectar","2022",19590,NA,NA
"335",244,"Reg-Cov","",18630,NA,NA
"336",244,"Reg-Cov","2021",186814,186814,NA
"337",244,"Reg-Cov","2022",326025,NA,NA
"338",244,"Reg-Cov","A Vencer",128826,NA,NA
"339",244,"Turismo","2021",155000,155000,NA
"340",247,"Detectar","2022",54733,NA,NA
"341",247,"Reg-Cov","2017",8118,NA,NA
"342",247,"Reg-Cov","2019",23000,NA,NA
"343",247,"Reg-Cov","2020",31989,NA,NA
"344",247,"Reg-Cov","2022",1167522.06,NA,NA
"345",249,"Reg-Cov","",1060,NA,NA
"346",249,"Reg-Cov","A Vencer",28958,NA,28958
"347",250,"Detectar","",2971405,NA,NA
"348",250,"Detectar","2021",5422942,NA,NA
"349",250,"Detectar","2022",4067034,NA,NA
"350",250,"Detectar","A Vencer",909542,NA,NA
"351",250,"Reg-Cov","",8957591.42,NA,NA
"352",250,"Reg-Cov","2019",2739675.16,NA,NA
"353",250,"Reg-Cov","2020",17762162.91,NA,NA
"354",250,"Reg-Cov","2021",28999900.88,NA,NA
"355",250,"Reg-Cov","2022",37507323.37,NA,NA
"356",250,"Reg-Cov","A Vencer",4958989.82,NA,NA
"357",250,"Turismo","2021",2786860,NA,NA
"358",251,"Detectar","2021",7366,NA,NA
"359",251,"Detectar","2022",14732,NA,NA
"360",251,"Detectar","A Vencer",2040926,NA,NA
"361",251,"Reg-Cov","",631136.16,NA,NA
"362",251,"Reg-Cov","2020",39460.76,NA,NA
"363",251,"Reg-Cov","2021",1592627.6,NA,NA
"364",251,"Reg-Cov","2022",1183235.39,NA,NA
"365",251,"Reg-Cov","A Vencer",4475444.83,NA,3203393.02
"366",251,"Turismo","2021",37500,NA,NA
"367",252,"Detectar","",5525216,NA,NA
"368",252,"Detectar","2022",3191998,NA,NA
"369",252,"Reg-Cov","",3782836.86,NA,NA
"370",252,"Reg-Cov","2022",20931731.13,NA,6961933.66
"371",252,"Reg-Cov","A Vencer",3546430.19,NA,NA
"372",256,"Detectar","A Vencer",304295,NA,NA
"373",256,"Reg-Cov","",23656,NA,NA
"374",256,"Reg-Cov","2021",0.01,NA,NA
"375",256,"Reg-Cov","A Vencer",249568.2,NA,NA
"376",259,"Detectar","2022",182613,NA,NA
"377",259,"Detectar","A Vencer",660562,NA,NA
"378",259,"Reg-Cov","",87850,NA,NA
"379",259,"Reg-Cov","2022",66079,NA,NA
"380",259,"Reg-Cov","A Vencer",25395,NA,NA
"381",262,"Detectar","2021",68154,NA,NA
"382",262,"Detectar","2022",64065,NA,NA
"383",262,"Reg-Cov","",414693,NA,NA
"384",262,"Reg-Cov","2017",188,NA,NA
"385",262,"Reg-Cov","2018",16361.57,NA,NA
"386",262,"Reg-Cov","2019",71334.44,NA,NA
"387",262,"Reg-Cov","2021",3310057.43,NA,NA
"388",262,"Reg-Cov","2022",1867110.49,NA,NA
"389",262,"Reg-Cov","A Vencer",58603,NA,NA
"390",262,"Turismo","2021",1002620,NA,NA
"391",264,"Detectar","",149691,NA,NA
"392",264,"Detectar","2022",146105,146105,NA
"393",264,"Reg-Cov","",608118,NA,NA
"394",264,"Reg-Cov","2022",14295042.62,3330213.5,NA
"395",264,"Reg-Cov","A Vencer",3473462,NA,NA
"396",265,"Detectar","2022",489844,NA,NA
"397",265,"Reg-Cov","",83576,NA,NA
"398",265,"Reg-Cov","2021",56822,NA,NA
"399",265,"Reg-Cov","2022",2449053.42,NA,NA
"400",265,"Reg-Cov","A Vencer",1238055.21,NA,NA
"401",266,"Detectar","2022",5401,NA,NA
"402",266,"Reg-Cov","",57259,NA,NA
"403",266,"Reg-Cov","2019",389.4,NA,NA
"404",266,"Reg-Cov","2021",52787,NA,NA
"405",266,"Reg-Cov","2022",88801,NA,34476
"406",266,"Reg-Cov","A Vencer",111130,NA,130914
"407",267,"Reg-Cov","A Vencer",11158,NA,11158
"408",270,"Detectar","A Vencer",1520086,NA,NA
"409",270,"Reg-Cov","",25872,NA,NA
"410",270,"Reg-Cov","A Vencer",2026899.45,NA,2347826.45
"411",271,"Detectar","",56041749,NA,NA
"412",271,"Detectar","2021",35095883,NA,NA
"413",271,"Detectar","2022",118256364,NA,NA
"414",271,"Detectar","A Vencer",42846051,NA,NA
"415",271,"Reg-Cov","",21101415.02,NA,NA
"416",271,"Reg-Cov","2021",29434234,NA,NA
"417",271,"Reg-Cov","2022",67046114.1,NA,NA
"418",271,"Reg-Cov","A Vencer",26141625.82,NA,14809495.2
"419",271,"Turismo","2021",13516849.04,NA,NA
"420",271,"Turismo","2022",120953,NA,NA
"421",274,"Detectar","2022",261688,NA,NA
"422",274,"Detectar","A Vencer",766454,NA,NA
"423",274,"Reg-Cov","",11930349.92,NA,NA
"424",274,"Reg-Cov","2021",984158.04,NA,NA
"425",274,"Reg-Cov","2022",6955215.29,NA,NA
"426",274,"Reg-Cov","A Vencer",9379508.78,NA,NA
"427",275,"Detectar","",813177,NA,NA
"428",275,"Detectar","2021",38502,NA,NA
"429",275,"Detectar","2022",525425,NA,47708
"430",275,"Reg-Cov","",2150608.95,NA,NA
"431",275,"Reg-Cov","2021",102061,NA,NA
"432",275,"Reg-Cov","2022",7977653.8,NA,47708
"433",275,"Reg-Cov","A Vencer",1995520.31,NA,NA
"434",279,"Detectar","2021",136606,NA,NA
"435",279,"Detectar","2022",268986,NA,NA
"436",279,"Detectar","A Vencer",848475,NA,NA
"437",279,"Reg-Cov","",980755.29,NA,NA
"438",279,"Reg-Cov","2021",1300244.27,NA,NA
"439",279,"Reg-Cov","2022",6413791.87,NA,1571604.77
"440",279,"Reg-Cov","A Vencer",1053236.85,NA,98169
"441",279,"Turismo","2021",193100,NA,NA
"442",285,"Detectar","2022",1487,NA,NA
"443",285,"Reg-Cov","2022",231947.12,NA,NA
"444",287,"Reg-Cov","2018",11096.86,11096.86,NA
"445",287,"Reg-Cov","2021",21503,21503,NA
"446",287,"Reg-Cov","A Vencer",5542,NA,24330
"447",288,"Detectar","2022",20161,NA,NA
"448",288,"Reg-Cov","2021",9163,NA,NA
"449",288,"Turismo","2021",7500,NA,NA
"450",289,"Reg-Cov","",79652,NA,NA
"451",289,"Reg-Cov","2022",1906,NA,NA
"452",289,"Reg-Cov","A Vencer",167167,NA,NA
"453",290,"Detectar","2021",69045,NA,NA
"454",290,"Detectar","2022",140671,NA,NA
"455",290,"Detectar","A Vencer",306385,NA,NA
"456",290,"Reg-Cov","",911021.52,NA,NA
"457",290,"Reg-Cov","2022",76181,NA,NA
"458",290,"Reg-Cov","A Vencer",975643.32,NA,NA
"459",292,"Detectar","2021",80688,143695.27,NA
"460",292,"Detectar","2022",163421,NA,NA
"461",292,"Detectar","A Vencer",423401,NA,NA
"462",292,"Reg-Cov","",1538881.22,NA,NA
"463",292,"Reg-Cov","2017",1913.32,NA,NA
"464",292,"Reg-Cov","2018",11563.22,NA,NA
"465",292,"Reg-Cov","2021",243178.1,419736.37,NA
"466",292,"Reg-Cov","2022",2761023,NA,NA
"467",292,"Reg-Cov","A Vencer",328641,NA,NA
"468",292,"Turismo","2021",76160,177100.92,NA
"469",293,"Detectar","2022",1505011.82,NA,NA
"470",293,"Detectar","A Vencer",526209,NA,NA
"471",293,"Reg-Cov","",872711.86,NA,NA
"472",293,"Reg-Cov","2018",2629,NA,NA
"473",293,"Reg-Cov","2020",9900,NA,NA
"474",293,"Reg-Cov","2021",136251,NA,NA
"475",293,"Reg-Cov","2022",5899066.05,NA,3549871.56
"476",293,"Reg-Cov","A Vencer",477552.35,NA,NA
"477",293,"Turismo","2022",1196514.82,NA,NA
"478",298,"Reg-Cov","A Vencer",13910,NA,13910
"479",299,"Detectar","2022",48190,NA,NA
"480",299,"Detectar","A Vencer",85103,NA,NA
"481",299,"Reg-Cov","A Vencer",3485,NA,NA
"482",301,"Reg-Cov","",756672,NA,NA
"483",301,"Reg-Cov","A Vencer",1173991.14,NA,NA
"484",303,"Detectar","2021",522640,NA,NA
"485",303,"Detectar","2022",667814,NA,45961
"486",303,"Detectar","A Vencer",950472,NA,NA
"487",303,"Reg-Cov","",8859443.77,NA,NA
"488",303,"Reg-Cov","2021",12560444.07,NA,NA
"489",303,"Reg-Cov","2022",15961353.45,NA,45961
"490",303,"Reg-Cov","A Vencer",2897043.47,NA,NA
"491",304,"Detectar","2022",97044,NA,NA
"492",304,"Detectar","A Vencer",183625,NA,NA
"493",304,"Reg-Cov","",194016,NA,NA
"494",304,"Reg-Cov","2022",540693.56,NA,92302.56
"495",304,"Reg-Cov","A Vencer",455302.17,NA,NA
"496",307,"Detectar","A Vencer",128940,NA,NA
"497",307,"Reg-Cov","",222587,NA,NA
"498",307,"Reg-Cov","2022",7760.96,NA,7760.96
"499",307,"Reg-Cov","A Vencer",78173,NA,NA
"500",309,"Detectar","",65050,NA,NA
"501",309,"Detectar","2022",10440,NA,10440
"502",309,"Detectar","A Vencer",52273,NA,NA
"503",309,"Reg-Cov","A Vencer",1441700.02,NA,626516.14
"504",312,"Detectar","2022",128484,NA,479893
"505",312,"Detectar","A Vencer",596798,NA,NA
"506",312,"Reg-Cov","",418356,NA,NA
"507",312,"Reg-Cov","2022",351409,NA,479893
"508",312,"Reg-Cov","A Vencer",814790.33,NA,NA
"509",313,"Detectar","",1944668,NA,NA
"510",313,"Detectar","2021",195835,NA,NA
"511",313,"Detectar","2022",3183175.74,1361871.74,NA
"512",313,"Detectar","A Vencer",659944,NA,NA
"513",313,"Reg-Cov","",2103255.56,NA,NA
"514",313,"Reg-Cov","2019",18045,18045,NA
"515",313,"Reg-Cov","2021",4307110.32,2014605.2,NA
"516",313,"Reg-Cov","2022",10186867.63,4653526.29,4000628.03
"517",313,"Reg-Cov","A Vencer",4933126.49,NA,1413996.66
"518",313,"Turismo","2021",687970,476730.66,NA
"519",313,"Turismo","2022",1130412.54,1130412.54,NA
"520",314,"Detectar","2021",186334,NA,NA
"521",314,"Detectar","2022",88870,NA,NA
"522",314,"Detectar","A Vencer",80515,NA,NA
"523",314,"Reg-Cov","",1325054.81,NA,NA
"524",314,"Reg-Cov","2021",2205,NA,NA
"525",314,"Reg-Cov","2022",12067743.04,NA,NA
"526",314,"Reg-Cov","A Vencer",3165317.35,NA,NA
"527",315,"Detectar","2022",20597,NA,NA
"528",315,"Reg-Cov","",52141,NA,NA
"529",315,"Reg-Cov","2022",51704,NA,NA
"530",316,"Detectar","2022",83025,NA,NA
"531",316,"Detectar","A Vencer",211047,NA,NA
"532",316,"Reg-Cov","",1697778.96,NA,NA
"533",316,"Reg-Cov","2022",6247400.27,NA,NA
"534",316,"Reg-Cov","A Vencer",2732996.73,NA,NA
"535",318,"Detectar","",3962498,NA,NA
"536",318,"Detectar","2021",12568515.35,8648454.35,NA
"537",318,"Detectar","2022",15140884,2852544,NA
"538",318,"Reg-Cov","",16743463.69,NA,NA
"539",318,"Reg-Cov","2020",94398,94398,NA
"540",318,"Reg-Cov","2021",106555821.9,74311715.78,NA
"541",318,"Reg-Cov","2022",137271655.55,43925338.79,NA
"542",318,"Reg-Cov","A Vencer",20607184.84,NA,NA
"543",318,"Turismo","2021",9120960.35,6326240.35,NA
"544",319,"Detectar","2022",4575,NA,4575
"545",319,"Reg-Cov","",11266,NA,NA
"546",319,"Reg-Cov","2022",15390,NA,15390
"547",319,"Reg-Cov","A Vencer",14485,NA,NA
"548",320,"Detectar","",16712,NA,NA
"549",321,"Detectar","A Vencer",204249,NA,NA
"550",321,"Reg-Cov","",23438,NA,NA
"551",321,"Reg-Cov","A Vencer",318006.35,NA,NA
"552",322,"Detectar","A Vencer",140686,NA,NA
"553",322,"Reg-Cov","",1590190.69,NA,NA
"554",322,"Reg-Cov","A Vencer",4970676.77,NA,NA
"555",324,"Detectar","",1030138,NA,NA
"556",324,"Detectar","2021",9638,NA,NA
"557",324,"Detectar","2022",32716,NA,NA
"558",324,"Reg-Cov","",473858,NA,NA
"559",324,"Reg-Cov","2022",522484.27,NA,NA
"560",324,"Reg-Cov","A Vencer",322245.58,NA,NA
"561",325,"Detectar","",41263103,NA,NA
"562",325,"Detectar","2021",8529199,NA,NA
"563",325,"Detectar","2022",132784689,NA,NA
"564",325,"Detectar","A Vencer",17067648,NA,NA
"565",325,"Reg-Cov","",10953876.06,NA,NA
"566",325,"Reg-Cov","2021",8085343,NA,NA
"567",325,"Reg-Cov","2022",84684698.68,NA,3429819.68
"568",325,"Reg-Cov","A Vencer",8056514.96,NA,NA
"569",325,"Turismo","2021",31267500,NA,NA
"570",325,"Turismo","2022",195758959,NA,NA
"571",326,"Detectar","A Vencer",466038,NA,NA
"572",326,"Reg-Cov","",569830.59,NA,NA
"573",326,"Reg-Cov","2022",1128,NA,NA
"574",326,"Reg-Cov","A Vencer",1267284.62,NA,NA
"575",327,"Detectar","",1733648,NA,NA
"576",327,"Detectar","2022",1255185,261621,NA
"577",327,"Detectar","A Vencer",167564,NA,NA
"578",327,"Reg-Cov","",1702300.28,NA,NA
"579",327,"Reg-Cov","2021",10874.4,163834.16,NA
"580",327,"Reg-Cov","2022",9469304.79,5986219.93,NA
"581",327,"Reg-Cov","A Vencer",2045708.31,NA,NA
"582",329,"Reg-Cov","2017",286,NA,NA
"583",329,"Reg-Cov","2020",2912,NA,NA
"584",330,"Detectar","A Vencer",289256,NA,837459.8
"585",330,"Reg-Cov","",264449,NA,NA
"586",330,"Reg-Cov","A Vencer",751123.9,NA,837459.8
"587",331,"Detectar","2022",40166,NA,NA
"588",331,"Detectar","A Vencer",81153,NA,NA
"589",331,"Reg-Cov","",319642.15,NA,NA
"590",331,"Reg-Cov","2022",124649.46,NA,NA
"591",331,"Reg-Cov","A Vencer",319124.45,NA,NA
"592",332,"Detectar","2022",8356,NA,NA
"593",332,"Reg-Cov","",747225.56,NA,NA
"594",333,"Detectar","2021",806551,NA,NA
"595",333,"Detectar","2022",915832,NA,NA
"596",333,"Detectar","A Vencer",277357,NA,NA
"597",333,"Reg-Cov","",709537,NA,NA
"598",333,"Reg-Cov","2020",349990.95,NA,NA
"599",333,"Reg-Cov","2021",858213,NA,NA
"600",333,"Reg-Cov","2022",205732,NA,NA
"601",333,"Reg-Cov","A Vencer",181449,NA,164738
"602",333,"Turismo","2021",15163446,NA,NA
"603",335,"Detectar","2022",109910,NA,NA
"604",335,"Reg-Cov","2017",276,NA,NA
"605",337,"Detectar","2022",148614,NA,NA
"606",337,"Detectar","A Vencer",280865,NA,NA
"607",337,"Reg-Cov","",277282.35,NA,NA
"608",337,"Reg-Cov","2022",3382334.74,NA,2693668.05
"609",337,"Reg-Cov","A Vencer",2165425.72,NA,NA
"610",340,"Reg-Cov","",74273,NA,NA
"611",340,"Reg-Cov","A Vencer",511796.85,NA,197753.86
"612",342,"Reg-Cov","2017",137.65,NA,NA
"613",342,"Reg-Cov","2018",21.2,NA,NA
"614",342,"Reg-Cov","2019",300.18,NA,NA
"615",342,"Reg-Cov","2020",22.24,NA,NA
"616",342,"Turismo","2021",116400,NA,NA
"617",345,"Detectar","",2374768,NA,NA
"618",345,"Detectar","2022",6326715,NA,NA
"619",345,"Detectar","A Vencer",329247,NA,NA
"620",345,"Reg-Cov","2022",2858517,NA,NA
"621",345,"Reg-Cov","A Vencer",408652,NA,338557
"622",346,"Detectar","",5859171,NA,NA
"623",346,"Detectar","2021",195426.98,195426.98,NA
"624",346,"Detectar","2022",16895665,NA,NA
"625",346,"Detectar","A Vencer",1275447,NA,NA
"626",346,"Reg-Cov","",47337852.3,NA,NA
"627",346,"Reg-Cov","2020",13002026.4,13002026.4,NA
"628",346,"Reg-Cov","2021",152766198.73,152766198.73,NA
"629",346,"Reg-Cov","2022",278149801.84,2306337.53,NA
"630",346,"Reg-Cov","A Vencer",57952962.8,NA,NA
"631",346,"Turismo","2021",5085960,5085960,NA
"632",347,"Detectar","2022",4178,NA,NA
"633",347,"Reg-Cov","",5789,NA,NA
"634",347,"Reg-Cov","2022",51578,NA,NA
"635",347,"Reg-Cov","A Vencer",12282,NA,NA
"636",348,"Detectar","",317394,NA,NA
"637",348,"Detectar","2021",310412,NA,NA
"638",348,"Detectar","2022",30326,30326,NA
"639",348,"Reg-Cov","",237740,NA,NA
"640",348,"Reg-Cov","2021",974695.6,NA,NA
"641",348,"Reg-Cov","2022",812173.11,217558,NA
"642",348,"Reg-Cov","A Vencer",1763565.72,NA,NA
"643",348,"Turismo","2021",1907000,NA,NA
"644",349,"Detectar","",1242914,NA,NA
"645",349,"Detectar","A Vencer",528970,NA,448517
"646",349,"Reg-Cov","",2568005.77,NA,NA
"647",349,"Reg-Cov","2018",3110,NA,NA
"648",349,"Reg-Cov","2019",9988,NA,NA
"649",349,"Reg-Cov","2020",406455.78,NA,NA
"650",349,"Reg-Cov","2021",229827,NA,NA
"651",349,"Reg-Cov","2022",2041156.75,NA,132214
"652",349,"Reg-Cov","A Vencer",2903384.54,NA,767565.53
"653",351,"Reg-Cov","2022",8514,NA,NA
"654",352,"Detectar","A Vencer",335727,NA,NA
"655",354,"Detectar","2022",366028,NA,NA
"656",354,"Detectar","A Vencer",615157,NA,NA
"657",354,"Reg-Cov","",728888.56,NA,NA
"658",354,"Reg-Cov","2022",670200,NA,NA
"659",354,"Reg-Cov","A Vencer",339311.29,NA,NA
"660",356,"Detectar","",40470,NA,NA
"661",356,"Reg-Cov","",174276.76,NA,NA
"662",356,"Reg-Cov","2021",120632,NA,NA
"663",356,"Reg-Cov","2022",310773.46,NA,NA
"664",356,"Reg-Cov","A Vencer",49024,NA,NA
"665",357,"Detectar","A Vencer",257545,NA,257545
"666",357,"Reg-Cov","2022",30395,NA,NA
"667",357,"Reg-Cov","A Vencer",143795,NA,143795
"668",359,"Detectar","2022",72497,NA,NA
"669",359,"Reg-Cov","",1110829.5,NA,NA
"670",359,"Reg-Cov","2021",54578,NA,NA
"671",359,"Reg-Cov","2022",1392817.46,NA,NA
"672",359,"Reg-Cov","A Vencer",132198,NA,NA
"673",361,"Reg-Cov","2022",30586,NA,NA
"674",362,"Reg-Cov","A Vencer",331556,NA,NA
"675",363,"Detectar","2021",16712,NA,NA
"676",363,"Detectar","A Vencer",67712,NA,NA
"677",363,"Reg-Cov","2021",45056,NA,NA
"678",363,"Reg-Cov","2022",10469,NA,NA
"679",363,"Reg-Cov","A Vencer",69170,NA,135489
"680",365,"Reg-Cov","",5854426,NA,NA
"681",365,"Reg-Cov","2022",258883,NA,NA
"682",365,"Reg-Cov","A Vencer",18558,NA,NA
"683",366,"Detectar","2022",9579,NA,NA
"684",366,"Reg-Cov","",38403,NA,NA
"685",366,"Reg-Cov","2022",13626,NA,NA
"686",367,"Detectar","2022",47221,NA,NA
"687",367,"Detectar","A Vencer",133731,NA,NA
"688",367,"Reg-Cov","",588566.31,NA,NA
"689",367,"Reg-Cov","2019",8932,NA,NA
"690",367,"Reg-Cov","2022",103169,NA,NA
"691",367,"Reg-Cov","A Vencer",274976,NA,NA
"692",368,"Detectar","2022",368969,NA,NA
"693",368,"Detectar","A Vencer",657607,NA,NA
"694",368,"Reg-Cov","",2790665.96,NA,NA
"695",368,"Reg-Cov","2022",4533180.69,NA,NA
"696",368,"Reg-Cov","A Vencer",2663018.61,NA,NA
"697",369,"Detectar","2021",225212,225212,NA
"698",369,"Detectar","2022",291741,NA,NA
"699",369,"Detectar","A Vencer",932239,NA,NA
"700",369,"Reg-Cov","",1850339.67,NA,NA
"701",369,"Reg-Cov","2021",6669976.3,5747341.41,NA
"702",369,"Reg-Cov","2022",13675270.16,NA,NA
"703",369,"Reg-Cov","A Vencer",2616702.69,NA,NA
"704",369,"Turismo","2021",56680,2780,NA
"705",370,"Reg-Cov","A Vencer",8335,NA,NA
"706",372,"Detectar","2022",86276,NA,NA
"707",372,"Detectar","A Vencer",113209,NA,NA
"708",372,"Reg-Cov","",110512.73,NA,NA
"709",372,"Reg-Cov","2022",173244,NA,NA
"710",372,"Reg-Cov","A Vencer",1171083.55,NA,NA
"711",375,"Detectar","",10603308,NA,NA
"712",375,"Detectar","2021",402464,NA,NA
"713",375,"Detectar","2022",51325500,NA,NA
"714",375,"Detectar","A Vencer",3342093,NA,NA
"715",375,"Reg-Cov","",1697369.45,NA,NA
"716",375,"Reg-Cov","2021",2502871.75,NA,NA
"717",375,"Reg-Cov","2022",23925383.57,NA,NA
"718",375,"Reg-Cov","A Vencer",2512310.25,NA,NA
"719",375,"Turismo","2021",21974742,NA,NA
"720",375,"Turismo","2022",12844900,NA,NA
"721",376,"Reg-Cov","2022",893107.1,NA,NA
"722",377,"Reg-Cov","2020",1161,NA,NA
"723",378,"Detectar","2021",250279,NA,NA
"724",378,"Detectar","2022",134066,NA,582428
"725",378,"Detectar","A Vencer",812571,NA,NA
"726",378,"Reg-Cov","",455989.34,NA,NA
"727",378,"Reg-Cov","2021",777371.6,NA,13048
"728",378,"Reg-Cov","2022",3326911.9,NA,1071102.56
"729",378,"Reg-Cov","A Vencer",744995.83,NA,76498
"730",378,"Turismo","2021",17780,NA,NA
"731",379,"Detectar","",391486,NA,NA
"732",379,"Detectar","2022",84838,NA,NA
"733",379,"Reg-Cov","",114975.03,NA,NA
"734",379,"Reg-Cov","2022",4851665.31,NA,NA
"735",379,"Reg-Cov","A Vencer",307149,NA,NA
"736",379,"Turismo","2021",330100,NA,NA
"737",380,"Detectar","",4513114,NA,NA
"738",380,"Detectar","2021",8871297,NA,NA
"739",380,"Detectar","2022",5395522,NA,NA
"740",380,"Detectar","A Vencer",1309801,NA,NA
"741",380,"Reg-Cov","",15976818.75,NA,NA
"742",380,"Reg-Cov","2020",874098,874098,NA
"743",380,"Reg-Cov","2021",86703209.97,6569191.17,NA
"744",380,"Reg-Cov","2022",115536337.78,NA,NA
"745",380,"Reg-Cov","A Vencer",30436020.95,NA,NA
"746",380,"Turismo","2021",1859977.18,1302597.18,NA
"747",381,"Reg-Cov","2022",4682,NA,NA
"748",381,"Reg-Cov","A Vencer",599489,NA,NA
"749",382,"Detectar","2022",69202,NA,NA
"750",382,"Detectar","A Vencer",383740,NA,NA
"751",382,"Reg-Cov","",609641.05,NA,NA
"752",382,"Reg-Cov","2022",1950668.93,NA,NA
"753",382,"Reg-Cov","A Vencer",1780829.81,NA,NA
"754",383,"Detectar","2022",99702,NA,976596.59
"755",383,"Detectar","A Vencer",285162,NA,NA
"756",383,"Reg-Cov","",311468,NA,NA
"757",383,"Reg-Cov","2022",1526699.71,NA,1230165.71
"758",383,"Reg-Cov","A Vencer",354903.6,NA,NA
"759",384,"Detectar","",20890,NA,NA
"760",384,"Reg-Cov","",389786.48,NA,NA
"761",384,"Reg-Cov","2021",386465,NA,NA
"762",384,"Reg-Cov","2022",2130210.12,NA,NA
"763",384,"Reg-Cov","A Vencer",234195,NA,NA
"764",385,"Detectar","2021",614107,NA,NA
"765",385,"Detectar","2022",244101,NA,NA
"766",385,"Detectar","A Vencer",304878,NA,NA
"767",385,"Reg-Cov","",51242,NA,NA
"768",385,"Reg-Cov","2021",53886.32,NA,NA
"769",385,"Reg-Cov","2022",120525.18,NA,NA
"770",385,"Reg-Cov","A Vencer",99347.19,NA,NA
"771",385,"Turismo","2021",63080,NA,NA
"772",386,"Detectar","A Vencer",251550,NA,NA
"773",386,"Reg-Cov","",322099.27,NA,NA
"774",386,"Reg-Cov","A Vencer",2423444.45,NA,1415335.2
"775",389,"Detectar","",6257881,NA,NA
"776",389,"Detectar","2021",1760337,NA,NA
"777",389,"Detectar","2022",14782934,NA,NA
"778",389,"Detectar","A Vencer",857316,NA,NA
"779",389,"Reg-Cov","",1207882,NA,NA
"780",389,"Reg-Cov","2021",1920995.28,NA,NA
"781",389,"Reg-Cov","2022",10783464.09,NA,NA
"782",389,"Reg-Cov","A Vencer",9216384.24,NA,NA
"783",391,"Detectar","2021",30482,NA,NA
"784",391,"Detectar","2022",623763,NA,235157.33
"785",391,"Detectar","A Vencer",395052,NA,NA
"786",391,"Reg-Cov","",8465611.36,NA,122355.04
"787",391,"Reg-Cov","2020",170598.49,NA,NA
"788",391,"Reg-Cov","2021",1757763.91,NA,NA
"789",391,"Reg-Cov","2022",18141781.96,NA,16586573.19
"790",391,"Reg-Cov","A Vencer",4864374.81,NA,NA
"791",391,"Turismo","2021",10280,NA,NA
"792",391,"Turismo","2022",540719,NA,NA
"793",394,"Reg-Cov","2022",9154,NA,NA
"794",395,"Detectar","",30529553,NA,NA
"795",395,"Detectar","2021",397890.9,NA,NA
"796",395,"Detectar","2022",80772693,NA,NA
"797",395,"Detectar","A Vencer",7464059,NA,NA
"798",395,"Reg-Cov","",48825971.77,NA,NA
"799",395,"Reg-Cov","2017",4684796.51,NA,NA
"800",395,"Reg-Cov","2020",67817900.58,NA,NA
"801",395,"Reg-Cov","2021",171528578.69,NA,NA
"802",395,"Reg-Cov","2022",224296789.51,NA,NA
"803",395,"Reg-Cov","A Vencer",39969541.81,NA,NA
"804",395,"Turismo","2021",16377610,NA,NA
"805",395,"Turismo","2022",3726794,NA,NA
"806",396,"Detectar","2022",8356,NA,NA
"807",396,"Reg-Cov","2018",345,NA,NA
"808",396,"Reg-Cov","2019",9594,NA,NA
"809",396,"Reg-Cov","2021",5652,NA,NA
"810",396,"Reg-Cov","2022",29497.02,NA,NA
"811",397,"Detectar","2022",38099,38099,NA
"812",397,"Reg-Cov","",962465.61,NA,NA
"813",397,"Reg-Cov","2022",1527565.94,1481020.94,NA
"814",397,"Reg-Cov","A Vencer",1119654.97,NA,NA
"815",398,"Detectar","2022",8356,NA,NA
"816",398,"Detectar","A Vencer",159713,NA,NA
"817",398,"Reg-Cov","",510987.11,NA,NA
"818",398,"Reg-Cov","2022",6250878.85,NA,NA
"819",398,"Reg-Cov","A Vencer",421260,NA,NA
"820",399,"Reg-Cov","",216428.22,NA,NA
"821",399,"Reg-Cov","A Vencer",8715,NA,NA
"822",400,"Detectar","2022",3764,NA,41544
"823",400,"Turismo","2022",37780,NA,41544
"824",404,"Detectar","2021",12676585,NA,NA
"825",404,"Detectar","2022",9617048,NA,NA
"826",404,"Detectar","A Vencer",1302364,NA,NA
"827",404,"Reg-Cov","",18665446.61,NA,NA
"828",404,"Reg-Cov","2020",70,NA,NA
"829",404,"Reg-Cov","2021",33312968.94,NA,1593030.68
"830",404,"Reg-Cov","2022",48775871.26,NA,7310800.66
"831",404,"Reg-Cov","A Vencer",9349838.53,NA,NA
"832",404,"Turismo","2021",12503010,NA,NA
"833",405,"Reg-Cov","A Vencer",17924,NA,NA
"834",410,"Detectar","",38786,NA,NA
"835",410,"Detectar","2022",249737,NA,NA
"836",410,"Reg-Cov","2022",67694,NA,NA
"837",410,"Reg-Cov","A Vencer",117124,NA,NA
"838",411,"Detectar","2021",66164,66164,NA
"839",411,"Detectar","2022",79031,NA,NA
"840",411,"Reg-Cov","",1033755.92,NA,NA
"841",411,"Reg-Cov","2019",36276,NA,NA
"842",411,"Reg-Cov","2021",1413560.94,1351188.94,NA
"843",411,"Reg-Cov","2022",15887604.84,11157689.16,NA
"844",411,"Reg-Cov","A Vencer",444735,NA,NA
"845",411,"Turismo","2021",65840,NA,NA
"846",412,"Reg-Cov","A Vencer",519,NA,NA
"847",413,"Detectar","",3633634,NA,NA
"848",413,"Detectar","2021",357980,NA,NA
"849",413,"Detectar","2022",17264,NA,1487
"850",413,"Detectar","A Vencer",676368,NA,NA
"851",413,"Reg-Cov","",10140437.67,NA,NA
"852",413,"Reg-Cov","2021",528297,NA,NA
"853",413,"Reg-Cov","2022",1988117.75,NA,70939
"854",413,"Reg-Cov","A Vencer",11425976.69,NA,NA
"855",413,"Turismo","2021",7648,NA,NA
"856",413,"Turismo","2022",2500,NA,NA
"857",414,"Detectar","A Vencer",497159,NA,497159
"858",414,"Reg-Cov","",79791,NA,NA
"859",414,"Reg-Cov","A Vencer",178764,NA,276368
"860",417,"Reg-Cov","",358098.52,NA,11873.24
"861",417,"Reg-Cov","2022",353740,NA,168200
"862",417,"Reg-Cov","A Vencer",294811.92,NA,NA
"863",418,"Detectar","A Vencer",64529,NA,NA
"864",418,"Reg-Cov","",1897961.38,NA,NA
"865",418,"Reg-Cov","2022",0.22,NA,NA
"866",418,"Reg-Cov","A Vencer",2833515.77,NA,NA
"867",419,"Reg-Cov","2021",8197.15,15069.27,NA
"868",419,"Reg-Cov","2022",3552,3552,NA
"869",419,"Turismo","2021",15280,22152.12,NA
"870",420,"Reg-Cov","2017",665,NA,NA
"871",422,"Detectar","A Vencer",72982,NA,442741
"872",422,"Reg-Cov","",430901.57,NA,NA
"873",422,"Reg-Cov","A Vencer",1086304.11,NA,672104.75
"874",423,"Reg-Cov","A Vencer",40029,NA,29572
"875",427,"Detectar","2022",1223,1223,NA
"876",427,"Reg-Cov","",26702,NA,NA
"877",427,"Reg-Cov","2021",25829,7400,NA
"878",427,"Reg-Cov","2022",122513.44,122513.44,NA
"879",427,"Turismo","2021",5280,NA,NA
"880",428,"Detectar","",1275093,NA,NA
"881",428,"Detectar","2022",736942,NA,NA
"882",428,"Detectar","A Vencer",565769,NA,NA
"883",428,"Reg-Cov","",4268774.23,NA,NA
"884",428,"Reg-Cov","2021",263590.85,140587,NA
"885",428,"Reg-Cov","2022",5911196.49,NA,NA
"886",428,"Reg-Cov","A Vencer",4177341.94,NA,NA
"887",428,"Turismo","2021",2500,NA,NA
"888",430,"Detectar","2022",4178,NA,NA
"889",430,"Detectar","A Vencer",441031,NA,NA
"890",430,"Reg-Cov","",2507895.33,NA,NA
"891",430,"Reg-Cov","2019",9439,NA,NA
"892",430,"Reg-Cov","2020",329626.4,NA,NA
"893",430,"Reg-Cov","2021",10258795.14,NA,NA
"894",430,"Reg-Cov","2022",5778728.5,NA,425372.07
"895",430,"Reg-Cov","A Vencer",1546216.54,NA,NA
"896",430,"Turismo","2022",2780,NA,NA
"897",431,"Detectar","A Vencer",637288,NA,994826
"898",431,"Reg-Cov","",882356.25,NA,NA
"899",431,"Reg-Cov","2022",1355652.84,NA,1355652.84
"900",431,"Reg-Cov","A Vencer",1334723.96,NA,1125429
"901",432,"Detectar","A Vencer",488388,NA,NA
"902",432,"Reg-Cov","2022",1115572.87,NA,NA
"903",432,"Reg-Cov","A Vencer",2130179.66,NA,1745836.86
"904",433,"Reg-Cov","",4381,NA,NA
"905",433,"Reg-Cov","2022",262401,NA,NA
"906",434,"Reg-Cov","2019",9012,NA,NA
"907",434,"Reg-Cov","2020",7280,NA,NA
"908",434,"Reg-Cov","2022",837,NA,NA
"909",434,"Reg-Cov","A Vencer",14909,NA,NA
"910",436,"Detectar","A Vencer",337066,NA,NA
"911",436,"Reg-Cov","",21449253.62,NA,NA
"912",436,"Reg-Cov","A Vencer",4360239.1,NA,3996097.72
"913",437,"Detectar","A Vencer",34688,NA,21191
"914",437,"Reg-Cov","",27216,NA,NA
"915",437,"Reg-Cov","2022",1116676.83,NA,NA
"916",437,"Reg-Cov","A Vencer",1613247.87,NA,1471204.87
"917",440,"Detectar","2022",24796,NA,285225.04
"918",440,"Detectar","A Vencer",352416,NA,1623796.52
"919",440,"Reg-Cov","",240312,NA,0.32
"920",440,"Reg-Cov","2022",1196975.89,NA,285225.04
"921",440,"Reg-Cov","A Vencer",6833441.67,NA,1927017.52
"922",440,"Turismo","2022",24796,NA,NA
"923",441,"Detectar","2022",5690,NA,NA
"924",441,"Reg-Cov","",2608619.78,NA,NA
"925",441,"Reg-Cov","2022",3297444.74,NA,NA
"926",441,"Reg-Cov","A Vencer",1848619.38,NA,NA
"927",443,"Detectar","A Vencer",292049,NA,328550
"928",443,"Reg-Cov","2017",403,NA,NA
"929",443,"Reg-Cov","2022",12743,NA,12743
"930",443,"Reg-Cov","A Vencer",37988,NA,165098
"931",444,"Detectar","2022",7021,NA,13414
"932",444,"Reg-Cov","2022",13414,NA,13414
"933",445,"Detectar","",8020791,NA,NA
"934",445,"Detectar","2021",92717,NA,NA
"935",445,"Detectar","2022",34294239,NA,NA
"936",445,"Detectar","A Vencer",10624956,NA,NA
"937",445,"Reg-Cov","",2421335.9,NA,NA
"938",445,"Reg-Cov","2021",574671.95,NA,NA
"939",445,"Reg-Cov","2022",29547094.04,NA,NA
"940",445,"Reg-Cov","A Vencer",13164743,NA,NA
"941",445,"Turismo","2021",1804620,NA,NA
"942",447,"Reg-Cov","A Vencer",123507.02,NA,NA
"943",448,"Detectar","2022",13449,NA,NA
"944",448,"Detectar","A Vencer",511614,NA,NA
"945",448,"Reg-Cov","",342875,NA,NA
"946",448,"Reg-Cov","2017",665,NA,NA
"947",448,"Reg-Cov","2022",671684,NA,NA
"948",448,"Reg-Cov","A Vencer",962503,NA,NA
"949",448,"Reg-Cov","Actual",217085.78,NA,NA
"950",449,"Detectar","",3137616,NA,NA
"951",449,"Detectar","2021",8589,NA,NA
"952",449,"Detectar","2022",2682077,NA,NA
"953",449,"Reg-Cov","",7923246.11,NA,NA
"954",449,"Reg-Cov","2021",1457474.01,630169.8,NA
"955",449,"Reg-Cov","2022",36544046.07,NA,9224217.27
"956",449,"Reg-Cov","A Vencer",8625555.59,NA,NA
"957",449,"Turismo","2022",341,NA,NA
"958",450,"Detectar","A Vencer",799365,NA,832770
"959",450,"Reg-Cov","A Vencer",658648.19,NA,1201781
"960",451,"Detectar","2022",25841,25841,NA
"961",451,"Reg-Cov","2022",63548,47691,NA
"962",451,"Reg-Cov","A Vencer",4791,NA,NA
"963",452,"Reg-Cov","",15560,NA,NA
"964",452,"Reg-Cov","2021",9598,NA,NA
"965",452,"Reg-Cov","2022",6175.96,NA,NA
"966",452,"Turismo","2021",2500,NA,NA
"967",456,"Detectar","2021",26102,26102,NA
"968",456,"Reg-Cov","",35853,NA,NA
"969",456,"Reg-Cov","2021",286786,286786,NA
"970",456,"Reg-Cov","2022",2319443.8,235902,NA
"971",456,"Reg-Cov","A Vencer",51989,NA,NA
"972",456,"Turismo","2021",10000,10000,NA
"973",457,"Detectar","A Vencer",189764,NA,NA
"974",457,"Reg-Cov","",510509.67,NA,NA
"975",457,"Reg-Cov","2022",196514.43,NA,196514.43
"976",457,"Reg-Cov","A Vencer",442629,NA,659163.37
"977",459,"Detectar","2021",184307,NA,NA
"978",459,"Detectar","2022",147841,NA,NA
"979",459,"Detectar","A Vencer",405756,NA,NA
"980",459,"Reg-Cov","2019",3116.03,NA,NA
"981",459,"Reg-Cov","2020",112071.03,NA,NA
"982",459,"Reg-Cov","2022",44378,NA,NA
"983",459,"Reg-Cov","A Vencer",175260,NA,82337
"984",459,"Turismo","2021",206120,NA,NA
"985",460,"Detectar","",9488737,NA,NA
"986",460,"Detectar","2022",9042895,NA,NA
"987",460,"Detectar","A Vencer",17958377,NA,NA
"988",460,"Reg-Cov","",3210355.98,NA,NA
"989",460,"Reg-Cov","2021",7083,NA,NA
"990",460,"Reg-Cov","2022",3487122.88,NA,7202104.83
"991",460,"Reg-Cov","A Vencer",4858819.2,NA,1917244
"992",460,"Turismo","2021",21620000,NA,NA
"993",461,"Detectar","A Vencer",756153,NA,NA
"994",461,"Reg-Cov","",349851.94,NA,NA
"995",461,"Reg-Cov","2022",8953,NA,NA
"996",461,"Reg-Cov","A Vencer",758179.42,NA,1706618.01
"997",462,"Detectar","2022",17580,NA,NA
"998",462,"Detectar","A Vencer",71842,NA,NA
"999",462,"Reg-Cov","",75496,NA,NA
"1000",462,"Reg-Cov","2022",255588.79,NA,NA
"1001",462,"Reg-Cov","A Vencer",11145,NA,NA
"1002",463,"Detectar","2021",409526,NA,NA
"1003",463,"Detectar","2022",571201,NA,NA
"1004",463,"Reg-Cov","",182251,NA,NA
"1005",463,"Reg-Cov","2019",4605,NA,NA
"1006",463,"Reg-Cov","2020",1576193.6,NA,NA
"1007",463,"Reg-Cov","2021",3638695,NA,NA
"1008",463,"Reg-Cov","2022",3365497.75,NA,75386
"1009",463,"Reg-Cov","A Vencer",2059335.39,NA,677055.36
"1010",463,"Turismo","2021",309200,NA,NA
"1011",464,"Detectar","2021",36001,36001,NA
"1012",464,"Detectar","A Vencer",212749,NA,NA
"1013",464,"Reg-Cov","",76991.09,NA,NA
"1014",464,"Reg-Cov","2019",679,679,NA
"1015",464,"Reg-Cov","2021",26571,26571,NA
"1016",464,"Reg-Cov","2022",263207.6,264576.53,NA
"1017",464,"Reg-Cov","A Vencer",128999,NA,NA
"1018",466,"Detectar","2021",23731,NA,NA
"1019",466,"Detectar","2022",95946,NA,NA
"1020",466,"Reg-Cov","",816088.66,NA,NA
"1021",466,"Reg-Cov","2020",193,NA,NA
"1022",466,"Reg-Cov","2021",287677,NA,NA
"1023",466,"Reg-Cov","2022",328187.64,NA,NA
"1024",466,"Reg-Cov","A Vencer",225344.29,NA,NA
"1025",466,"Turismo","2021",17780,NA,NA
"1026",468,"Detectar","2021",224,NA,NA
"1027",468,"Detectar","A Vencer",492415,NA,480757
"1028",468,"Reg-Cov","A Vencer",77207,NA,162319
"1029",475,"Detectar","A Vencer",217502,NA,NA
"1030",475,"Reg-Cov","",214837,NA,NA
"1031",475,"Reg-Cov","A Vencer",316974,NA,NA
"1032",476,"Detectar","",50878,NA,NA
"1033",476,"Detectar","A Vencer",560674,NA,916963
"1034",476,"Reg-Cov","",75050,NA,NA
"1035",476,"Reg-Cov","2022",353113.46,NA,NA
"1036",476,"Reg-Cov","A Vencer",7327331.45,NA,11744116.24
"1037",477,"Detectar","",659567,NA,NA
"1038",477,"Detectar","2021",642911,NA,NA
"1039",477,"Detectar","2022",52755,NA,NA
"1040",477,"Reg-Cov","",3606776.87,NA,NA
"1041",477,"Reg-Cov","2020",529165.77,NA,NA
"1042",477,"Reg-Cov","2021",18027895.86,NA,NA
"1043",477,"Reg-Cov","2022",23542211.13,NA,NA
"1044",477,"Reg-Cov","A Vencer",9112159.62,NA,NA
"1045",477,"Turismo","2021",129480,NA,NA
"1046",478,"Detectar","A Vencer",57420,NA,NA
"1047",478,"Reg-Cov","",9908,NA,NA
"1048",478,"Reg-Cov","A Vencer",238613.96,NA,NA
"1049",479,"Detectar","2022",18,NA,NA
"1050",479,"Detectar","A Vencer",301395,NA,NA
"1051",479,"Reg-Cov","",279237.95,NA,NA
"1052",479,"Reg-Cov","2020",5162,NA,NA
"1053",479,"Reg-Cov","2022",2098748.59,NA,332982.23
"1054",479,"Reg-Cov","A Vencer",573547.23,NA,667294.17
"1055",481,"Reg-Cov","A Vencer",2797,NA,2797
"1056",482,"Detectar","2022",1400037.99,NA,NA
"1057",482,"Detectar","A Vencer",2532422,NA,NA
"1058",482,"Reg-Cov","",124609,NA,NA
"1059",482,"Reg-Cov","2021",57102,57102,NA
"1060",482,"Reg-Cov","2022",1138737,NA,NA
"1061",482,"Reg-Cov","A Vencer",280367,NA,NA
"1062",482,"Turismo","2021",845280,845280,NA
"1063",485,"Reg-Cov","2021",1295,NA,NA
"1064",485,"Reg-Cov","2022",2467,NA,NA
"1065",488,"Detectar","A Vencer",721761,NA,NA
"1066",488,"Reg-Cov","",703445.85,NA,NA
"1067",488,"Reg-Cov","A Vencer",341423,NA,NA
"1068",489,"Detectar","A Vencer",443734,NA,NA
"1069",489,"Reg-Cov","",619247,NA,NA
"1070",489,"Reg-Cov","A Vencer",169395,NA,85480
"1071",490,"Detectar","2022",1223,NA,NA
"1072",490,"Reg-Cov","2022",1605,NA,NA
"1073",490,"Reg-Cov","A Vencer",50643,NA,50643
"1074",491,"Detectar","2022",84487,NA,84487
"1075",491,"Detectar","A Vencer",208890,NA,NA
"1076",491,"Reg-Cov","",92034,NA,NA
"1077",491,"Reg-Cov","2022",227714,NA,160390
"1078",491,"Reg-Cov","A Vencer",613050.56,NA,141219.32
"1079",492,"Detectar","2021",146331,NA,NA
"1080",492,"Detectar","2022",404506,NA,NA
"1081",492,"Detectar","A Vencer",790010,NA,NA
"1082",492,"Reg-Cov","",577742,NA,NA
"1083",492,"Reg-Cov","2021",954369.49,NA,NA
"1084",492,"Reg-Cov","2022",775432.58,NA,NA
"1085",492,"Reg-Cov","A Vencer",1611917.33,NA,180873.41
"1086",492,"Turismo","2021",2780,NA,NA
"1087",496,"Detectar","2021",19704,NA,NA
"1088",496,"Detectar","A Vencer",300670,NA,NA
"1089",496,"Reg-Cov","",44950,NA,NA
"1090",496,"Reg-Cov","2022",8952,NA,NA
"1091",496,"Reg-Cov","A Vencer",71996,NA,NA
"1092",499,"Reg-Cov","2018",0.01,NA,NA
"1093",499,"Reg-Cov","A Vencer",1047254.8,NA,NA
"1094",502,"Detectar","2022",49183,NA,NA
"1095",502,"Detectar","A Vencer",133306,NA,NA
"1096",502,"Reg-Cov","",243962.84,NA,NA
"1097",502,"Reg-Cov","2022",733943.01,NA,NA
"1098",502,"Reg-Cov","A Vencer",153080,NA,NA
"1099",503,"Detectar","2021",3669,NA,NA
"1100",503,"Detectar","A Vencer",87783,NA,87783
"1101",503,"Reg-Cov","2021",115428,NA,NA
"1102",503,"Reg-Cov","2022",44303.06,NA,NA
"1103",503,"Turismo","2021",1657.84,NA,NA
"1104",504,"Detectar","A Vencer",105886,NA,161442
"1105",504,"Reg-Cov","A Vencer",55556,NA,161442
"1106",505,"Detectar","2021",533984,NA,NA
"1107",505,"Detectar","2022",45442,NA,NA
"1108",505,"Reg-Cov","",9686,NA,NA
"1109",505,"Reg-Cov","2018",663,663,NA
"1110",505,"Reg-Cov","2021",43741,4510.49,NA
"1111",505,"Reg-Cov","2022",8953,NA,NA
"1112",505,"Reg-Cov","A Vencer",1525814,NA,1620745
"1113",505,"Turismo","2021",2350000,2350000,NA
"1114",506,"Detectar","A Vencer",542355,NA,542355
"1115",506,"Reg-Cov","",265398.84,NA,NA
"1116",506,"Reg-Cov","A Vencer",403879,NA,230154
"1117",507,"Detectar","",3321306,NA,NA
"1118",507,"Detectar","2021",2297158,NA,NA
"1119",507,"Detectar","2022",2972021,NA,NA
"1120",507,"Reg-Cov","",248158,NA,NA
"1121",507,"Reg-Cov","2020",92677.14,NA,NA
"1122",507,"Reg-Cov","2021",2675495.25,NA,NA
"1123",507,"Reg-Cov","2022",2769363.75,NA,NA
"1124",507,"Reg-Cov","A Vencer",2740592.83,NA,NA
"1125",507,"Turismo","2021",5504380,NA,NA
"1126",509,"Detectar","2021",943779.45,NA,NA
"1127",509,"Detectar","2022",174218,NA,NA
"1128",509,"Detectar","A Vencer",743780,NA,NA
"1129",509,"Reg-Cov","",3863903.39,NA,NA
"1130",509,"Reg-Cov","2017",3.36,NA,NA
"1131",509,"Reg-Cov","2018",150.16,NA,NA
"1132",509,"Reg-Cov","2019",26.5,NA,NA
"1133",509,"Reg-Cov","2020",1647191.75,NA,NA
"1134",509,"Reg-Cov","2021",8519484.55,NA,NA
"1135",509,"Reg-Cov","2022",11915007.78,NA,839006.13
"1136",509,"Reg-Cov","A Vencer",1626033.2,NA,NA
"1137",509,"Turismo","2021",674189.45,NA,NA
"1138",510,"Detectar","2022",31351,NA,NA
"1139",510,"Detectar","A Vencer",95330,NA,NA
"1140",510,"Reg-Cov","",67982,NA,NA
"1141",510,"Reg-Cov","2017",4572,NA,NA
"1142",510,"Reg-Cov","2022",455673.07,NA,197730
"1143",510,"Reg-Cov","A Vencer",163752.58,NA,NA
"1144",511,"Detectar","2022",963268.5,NA,3091079.07
"1145",511,"Detectar","A Vencer",1006295,NA,NA
"1146",511,"Reg-Cov","",1194260.78,NA,581724.55
"1147",511,"Reg-Cov","2022",13906016.33,5751687.87,5044363
"1148",511,"Reg-Cov","A Vencer",4453845.43,NA,NA
"1149",511,"Turismo","2022",639241.5,NA,3091079.07
"1150",512,"Detectar","2021",52993,NA,NA
"1151",512,"Detectar","2022",66738,41275,NA
"1152",512,"Reg-Cov","",386244.95,NA,NA
"1153",512,"Reg-Cov","2021",3313229.91,NA,NA
"1154",512,"Reg-Cov","2022",4416077.36,3042091.97,NA
"1155",512,"Reg-Cov","A Vencer",437887.2,NA,NA
"1156",512,"Turismo","2021",52800,NA,NA
"1157",513,"Detectar","2021",614413,NA,NA
"1158",513,"Detectar","2022",1463164,NA,NA
"1159",513,"Reg-Cov","",2037583.14,NA,NA
"1160",513,"Reg-Cov","2020",41892,NA,NA
"1161",513,"Reg-Cov","2021",7655694.51,NA,NA
"1162",513,"Reg-Cov","2022",17657291.73,NA,NA
"1163",513,"Reg-Cov","A Vencer",1478194.07,NA,695653.09
"1164",513,"Turismo","2021",17780,NA,NA
"1165",514,"Detectar","A Vencer",56310,NA,42553
"1166",515,"Detectar","2022",17994,NA,NA
"1167",515,"Reg-Cov","",12489,NA,NA
"1168",515,"Reg-Cov","2022",25586,NA,NA
"1169",516,"Detectar","2022",135344,NA,1528686.43
"1170",516,"Detectar","A Vencer",400781,NA,NA
"1171",516,"Reg-Cov","",2304565.8,NA,NA
"1172",516,"Reg-Cov","2022",1956390.43,NA,1528686.43
"1173",516,"Reg-Cov","A Vencer",2744884.78,NA,NA
"1174",517,"Detectar","2022",89888,NA,NA
"1175",517,"Detectar","A Vencer",255955,NA,NA
"1176",517,"Reg-Cov","",348198,NA,17513.77
"1177",517,"Reg-Cov","2022",1021296.6,NA,337629
"1178",517,"Reg-Cov","A Vencer",111416,NA,NA
"1179",518,"Detectar","2022",1341473,NA,NA
"1180",518,"Detectar","A Vencer",1413569,NA,NA
"1181",518,"Reg-Cov","",2513280.88,NA,NA
"1182",518,"Reg-Cov","2021",798727.82,NA,NA
"1183",518,"Reg-Cov","2022",6143532.57,NA,1855310.98
"1184",518,"Reg-Cov","A Vencer",4925007.41,NA,NA
"1185",518,"Turismo","2021",5560,NA,NA
"1186",519,"Detectar","2022",12120,NA,NA
"1187",519,"Detectar","A Vencer",508930,NA,NA
"1188",519,"Reg-Cov","",228146.22,NA,NA
"1189",519,"Reg-Cov","2021",15140,NA,NA
"1190",519,"Reg-Cov","2022",1289,NA,NA
"1191",519,"Reg-Cov","A Vencer",322521,NA,NA
"1192",520,"Reg-Cov","",29313,NA,NA
"1193",520,"Reg-Cov","2022",2406389.76,NA,NA
"1194",520,"Reg-Cov","A Vencer",236724.73,NA,NA
"1195",521,"Detectar","2022",78805,NA,NA
"1196",521,"Reg-Cov","",27278,NA,NA
"1197",522,"Detectar","2022",56371,56371,NA
"1198",522,"Reg-Cov","2022",56371,56371,NA
"1199",523,"Detectar","2022",62578,NA,NA
"1200",523,"Reg-Cov","",227698,NA,NA
"1201",523,"Reg-Cov","2022",703045.24,NA,67599
"1202",523,"Reg-Cov","A Vencer",319712.62,NA,NA
"1203",524,"Detectar","A Vencer",85370,NA,NA
"1204",524,"Reg-Cov","",27873,NA,NA
"1205",524,"Reg-Cov","A Vencer",155493,NA,NA
"1206",525,"Detectar","",1482417,NA,NA
"1207",525,"Detectar","2022",7071232,2415163,NA
"1208",525,"Reg-Cov","",1141460.1,NA,NA
"1209",525,"Reg-Cov","2020",2218795.72,NA,NA
"1210",525,"Reg-Cov","2021",71819,NA,NA
"1211",525,"Reg-Cov","2022",7288788.26,4014572.61,NA
"1212",525,"Reg-Cov","A Vencer",900864,NA,NA
"1213",526,"Detectar","2022",22167,NA,10240
"1214",526,"Reg-Cov","A Vencer",8830,NA,7274
"1215",528,"Detectar","2022",22172,NA,NA
"1216",528,"Reg-Cov","",27446,NA,NA
"1217",528,"Reg-Cov","A Vencer",35920,NA,34536
"1218",529,"Detectar","2022",42648,NA,NA
"1219",529,"Detectar","A Vencer",77738,NA,NA
"1220",529,"Reg-Cov","",40974,NA,NA
"1221",529,"Reg-Cov","2017",1516,NA,NA
"1222",529,"Reg-Cov","2021",3581,NA,NA
"1223",529,"Reg-Cov","2022",213776,NA,139687
"1224",529,"Reg-Cov","A Vencer",184370,NA,NA
"1225",533,"Reg-Cov","2022",93505,NA,NA
"1226",534,"Detectar","2022",3814.84,NA,NA
"1227",534,"Detectar","A Vencer",114027,NA,NA
"1228",534,"Reg-Cov","",515240.54,NA,NA
"1229",534,"Reg-Cov","2022",29893.65,NA,NA
"1230",534,"Reg-Cov","A Vencer",20620,NA,NA
"1231",536,"Detectar","2022",12534,NA,NA
"1232",536,"Reg-Cov","",59812,NA,NA
"1233",536,"Reg-Cov","2022",358422.47,NA,NA
"1234",536,"Reg-Cov","A Vencer",194524,NA,NA
"1235",537,"Detectar","",136256,NA,NA
"1236",537,"Detectar","2021",4178,NA,NA
"1237",537,"Detectar","2022",1487,NA,NA
"1238",537,"Detectar","A Vencer",570435,NA,NA
"1239",537,"Reg-Cov","",2262301.6,NA,NA
"1240",537,"Reg-Cov","2021",338069.18,NA,NA
"1241",537,"Reg-Cov","2022",2081394.91,NA,NA
"1242",537,"Reg-Cov","A Vencer",10692183.85,NA,5559721.71
"1243",538,"Detectar","2021",927135,NA,NA
"1244",538,"Detectar","2022",788430,NA,NA
"1245",538,"Detectar","A Vencer",1475460,NA,NA
"1246",538,"Reg-Cov","",2130721.3,NA,NA
"1247",538,"Reg-Cov","2021",176529,NA,NA
"1248",538,"Reg-Cov","2022",4724353.61,NA,NA
"1249",538,"Reg-Cov","A Vencer",1931385.22,NA,NA
"1250",538,"Turismo","2021",327560,NA,NA
"1251",539,"Detectar","2021",367957,NA,NA
"1252",539,"Detectar","2022",392143,NA,NA
"1253",539,"Detectar","A Vencer",1106633,NA,NA
"1254",539,"Reg-Cov","",103356,NA,NA
"1255",539,"Reg-Cov","2021",379191,NA,NA
"1256",539,"Reg-Cov","2022",4009252.32,NA,NA
"1257",539,"Reg-Cov","A Vencer",1305379.8,NA,553092.96
"1258",539,"Turismo","2021",377074,NA,NA
"1259",540,"Detectar","",1095176,NA,NA
"1260",540,"Detectar","2022",816839,NA,742485
"1261",540,"Detectar","A Vencer",233132,NA,NA
"1262",540,"Reg-Cov","",526551,NA,NA
"1263",540,"Reg-Cov","2022",1323139.09,NA,745646.02
"1264",540,"Reg-Cov","A Vencer",955646.74,NA,674027
"1265",541,"Detectar","2022",82234,NA,NA
"1266",541,"Reg-Cov","",297630.25,NA,NA
"1267",541,"Reg-Cov","2022",1339943.73,NA,NA
"1268",541,"Reg-Cov","A Vencer",435876.12,NA,NA
"1269",543,"Detectar","2022",209768,NA,NA
"1270",543,"Detectar","A Vencer",638962,NA,NA
"1271",543,"Reg-Cov","",39424,NA,NA
"1272",543,"Reg-Cov","A Vencer",70831,NA,NA
"1273",544,"Detectar","A Vencer",102100,NA,229774
"1274",544,"Reg-Cov","",41458,NA,NA
"1275",544,"Reg-Cov","A Vencer",127674,NA,229774
"1276",545,"Detectar","",13383,NA,NA
"1277",545,"Detectar","2022",53245,53245,NA
"1278",545,"Reg-Cov","2022",51448,36157,NA
"1279",545,"Reg-Cov","A Vencer",64419.38,NA,NA
"1280",546,"Detectar","A Vencer",970891,NA,NA
"1281",546,"Reg-Cov","",13975455.07,NA,NA
"1282",546,"Reg-Cov","2022",16685723.92,NA,11415583.18
"1283",546,"Reg-Cov","A Vencer",3031720.95,NA,NA
"1284",547,"Detectar","2022",78215,NA,NA
"1285",547,"Detectar","A Vencer",120659,NA,NA
"1286",547,"Reg-Cov","",8168270.76,NA,0.04
"1287",547,"Reg-Cov","2022",368198,NA,393530
"1288",547,"Reg-Cov","A Vencer",346858.98,NA,NA
"1289",549,"Reg-Cov","",5452,NA,NA
"1290",549,"Reg-Cov","A Vencer",21699,NA,NA
"1291",551,"Reg-Cov","A Vencer",55120,NA,55120
"1292",552,"Detectar","",526162,NA,NA
"1293",552,"Detectar","2022",1803060,NA,NA
"1294",552,"Reg-Cov","",1730949.02,NA,NA
"1295",552,"Reg-Cov","2021",424245.58,NA,NA
"1296",552,"Reg-Cov","2022",32497020.55,NA,NA
"1297",552,"Reg-Cov","A Vencer",1823148.04,NA,NA
"1298",553,"Detectar","2022",90924,NA,NA
"1299",553,"Detectar","A Vencer",345763,NA,NA
"1300",553,"Reg-Cov","",1742164.4,NA,NA
"1301",553,"Reg-Cov","2022",4035684.63,NA,698492.09
"1302",553,"Reg-Cov","A Vencer",379450.82,NA,NA
"1303",555,"Reg-Cov","2021",5148,NA,NA
"1304",555,"Turismo","2021",5280,NA,NA
"1305",556,"Detectar","",356141,NA,NA
"1306",556,"Detectar","2022",118600,118600,NA
"1307",556,"Reg-Cov","",355777,NA,NA
"1308",556,"Reg-Cov","2022",6326397.11,101896,648605.61
"1309",556,"Reg-Cov","A Vencer",797408.97,NA,NA
"1310",557,"Reg-Cov","A Vencer",20317,NA,30050
"1311",558,"Detectar","2021",336287,NA,NA
"1312",558,"Detectar","2022",93139,NA,67798
"1313",558,"Detectar","A Vencer",240157,NA,NA
"1314",558,"Reg-Cov","",38159,NA,NA
"1315",558,"Reg-Cov","2021",8648.25,NA,NA
"1316",558,"Reg-Cov","2022",68764,NA,39426
"1317",558,"Reg-Cov","A Vencer",1896261,NA,NA
"1318",558,"Turismo","2021",495000,NA,NA
"1319",559,"Reg-Cov","2022",649125.85,NA,NA
"1320",559,"Reg-Cov","A Vencer",1070655,NA,NA
"1321",560,"Detectar","A Vencer",174097,NA,269548
"1322",560,"Reg-Cov","2020",5148,NA,NA
"1323",560,"Reg-Cov","2022",115056.8,NA,NA
"1324",560,"Reg-Cov","A Vencer",242706,NA,269548
"1325",562,"Detectar","",11927,NA,NA
"1326",562,"Detectar","2022",56062,NA,NA
"1327",562,"Reg-Cov","2022",172685.32,NA,NA
"1328",562,"Reg-Cov","A Vencer",595322,NA,NA
"1329",563,"Reg-Cov","A Vencer",24793,NA,NA
"1330",564,"Reg-Cov","2022",2266245.26,NA,NA
"1331",565,"Detectar","2022",13816,NA,NA
"1332",565,"Reg-Cov","",2885121.07,NA,NA
"1333",565,"Reg-Cov","2022",3047,NA,NA
"1334",565,"Reg-Cov","A Vencer",1737323.56,NA,NA
"1335",566,"Detectar","A Vencer",4951286,NA,4996827
"1336",566,"Reg-Cov","",147130,NA,NA
"1337",566,"Reg-Cov","2022",180982,NA,180982
"1338",566,"Reg-Cov","A Vencer",3401043.03,NA,6949098.78
"1339",569,"Detectar","",9361341,NA,NA
"1340",569,"Detectar","2021",11336918.79,NA,NA
"1341",569,"Detectar","2022",10176781,NA,NA
"1342",569,"Detectar","A Vencer",1028129,NA,NA
"1343",569,"Reg-Cov","",16674764.81,NA,NA
"1344",569,"Reg-Cov","2021",56793234.67,NA,3151123.94
"1345",569,"Reg-Cov","2022",119433921.15,NA,4883906.85
"1346",569,"Reg-Cov","A Vencer",11760227.12,NA,5980836.28
"1347",569,"Turismo","2021",9426842.79,NA,NA
"1348",573,"Reg-Cov","2022",1321,NA,NA
"1349",573,"Reg-Cov","A Vencer",13530,NA,NA
"1350",575,"Detectar","2022",264145,NA,222073
"1351",575,"Detectar","A Vencer",801313,NA,NA
"1352",575,"Reg-Cov","",15647,NA,NA
"1353",575,"Reg-Cov","2022",5267947.01,NA,1842664.28
"1354",575,"Reg-Cov","A Vencer",569215,NA,410633
"1355",576,"Detectar","2022",2757061,548053,NA
"1356",576,"Detectar","A Vencer",448481,NA,NA
"1357",576,"Reg-Cov","",8250384.19,NA,NA
"1358",576,"Reg-Cov","2020",4947696.96,NA,NA
"1359",576,"Reg-Cov","2021",5685383.47,NA,NA
"1360",576,"Reg-Cov","2022",61644054.35,59988406.51,NA
"1361",576,"Reg-Cov","A Vencer",6730791.95,NA,NA
"1362",580,"Detectar","2021",4178,NA,NA
"1363",580,"Reg-Cov","2021",651289.24,NA,NA
"1364",580,"Reg-Cov","2022",1054320.76,NA,18185
"1365",580,"Reg-Cov","A Vencer",516567,NA,201421.44
"1366",580,"Turismo","2021",10000,NA,NA
"1367",581,"Detectar","",7171520,NA,NA
"1368",581,"Detectar","2021",127391,NA,NA
"1369",581,"Detectar","2022",268204.66,NA,NA
"1370",581,"Detectar","A Vencer",1385817,NA,NA
"1371",581,"Reg-Cov","",762516,NA,NA
"1372",581,"Reg-Cov","2018",15577.15,NA,NA
"1373",581,"Reg-Cov","2019",11663.32,NA,NA
"1374",581,"Reg-Cov","2020",5527.7,NA,NA
"1375",581,"Reg-Cov","2021",1010491.67,NA,94532.58
"1376",581,"Reg-Cov","2022",1850412.62,NA,NA
"1377",581,"Reg-Cov","A Vencer",1093160.07,NA,NA
"1378",581,"Turismo","2021",4306148.44,NA,NA
"1379",583,"Reg-Cov","2021",15148.97,NA,NA
"1380",583,"Reg-Cov","A Vencer",17687,NA,NA
"1381",583,"Turismo","2021",10000,NA,NA
"1382",590,"Reg-Cov","2022",11323,NA,NA
"1383",597,"Detectar","2021",37547,NA,NA
"1384",597,"Detectar","2022",4178,NA,NA
"1385",597,"Reg-Cov","",18045,NA,NA
"1386",597,"Reg-Cov","A Vencer",26185,NA,NA
"1387",597,"Turismo","2021",75683,NA,NA
"1388",600,"Detectar","2022",9579,NA,46205
"1389",600,"Reg-Cov","2022",36626,NA,46205
"1390",600,"Reg-Cov","A Vencer",41888,NA,NA
"1391",601,"Reg-Cov","",7891,NA,1034.82
"1392",601,"Reg-Cov","2017",537,NA,NA
"1393",601,"Reg-Cov","2021",3342,NA,3342
"1394",607,"Detectar","",1113513,NA,NA
"1395",607,"Detectar","2022",259458,NA,NA
"1396",607,"Reg-Cov","",15767,NA,NA
"1397",607,"Reg-Cov","2022",639168,NA,NA
"1398",607,"Reg-Cov","A Vencer",403216,NA,NA
"1399",608,"Detectar","A Vencer",661549,NA,NA
"1400",608,"Reg-Cov","",68161,NA,12331.29
"1401",608,"Reg-Cov","2020",25580,NA,NA
"1402",608,"Reg-Cov","2022",113506,NA,113506
"1403",608,"Reg-Cov","A Vencer",120875,NA,NA
"1404",609,"Reg-Cov","2022",27307,NA,NA
"1405",609,"Turismo","2021",2500,NA,NA
"1406",610,"Reg-Cov","2022",1008790.32,NA,NA
"1407",611,"Detectar","",2856735,NA,NA
"1408",611,"Detectar","A Vencer",3067206,NA,229274
"1409",611,"Reg-Cov","",947349.09,NA,NA
"1410",611,"Reg-Cov","2022",474118,NA,NA
"1411",611,"Reg-Cov","A Vencer",1646155.84,NA,420762
"1412",616,"Reg-Cov","2022",1067131,NA,533565.5
"1413",616,"Reg-Cov","A Vencer",76779,NA,52139
"1414",617,"Detectar","",0.1,NA,NA
"1415",617,"Detectar","2021",8056,NA,NA
"1416",617,"Detectar","2022",5524,NA,NA
"1417",617,"Detectar","A Vencer",255468,NA,NA
"1418",617,"Reg-Cov","",30526,NA,NA
"1419",617,"Reg-Cov","2017",83,NA,NA
"1420",617,"Reg-Cov","2019",230.76,NA,NA
"1421",617,"Reg-Cov","2020",500,NA,NA
"1422",617,"Reg-Cov","2022",136312,NA,7862
"1423",617,"Reg-Cov","A Vencer",155541,NA,96180
"1424",617,"Turismo","2021",7780,NA,NA
"1425",618,"Reg-Cov","2017",167879,NA,NA
"1426",618,"Reg-Cov","2021",19303,NA,NA
"1427",618,"Reg-Cov","2022",58590,NA,NA
"1428",620,"Detectar","2022",34289,NA,NA
"1429",620,"Reg-Cov","2021",65522,NA,NA
"1430",620,"Reg-Cov","2022",17993,NA,NA
"1431",620,"Turismo","2021",298543,NA,NA
"1432",622,"Detectar","",31751,NA,NA
"1433",622,"Reg-Cov","A Vencer",149433.57,NA,NA
"1434",625,"Reg-Cov","2022",419870.03,NA,NA
"1435",625,"Turismo","2021",2500,NA,NA
"1436",629,"Detectar","2022",76154,NA,NA
"1437",629,"Detectar","A Vencer",195931,NA,NA
"1438",629,"Reg-Cov","",4089844.3,NA,NA
"1439",629,"Reg-Cov","2022",3299798.79,NA,587515.58
"1440",629,"Reg-Cov","A Vencer",4248764.89,NA,NA
"1441",635,"Detectar","",137964,NA,NA
"1442",635,"Reg-Cov","A Vencer",33677,NA,NA
"1443",636,"Reg-Cov","2020",3480,NA,NA
"1444",636,"Reg-Cov","2021",158075,NA,NA
"1445",636,"Reg-Cov","2022",1217,NA,NA
"1446",636,"Turismo","2021",32240,NA,NA
"1447",645,"Detectar","2022",1223,NA,NA
"1448",645,"Reg-Cov","2021",10050,NA,NA
"1449",645,"Turismo","2021",5000,NA,NA
"1450",647,"Reg-Cov","2017",266,NA,NA
"1451",648,"Detectar","2022",5524,NA,NA
"1452",648,"Reg-Cov","2018",130741.81,NA,NA
"1453",648,"Reg-Cov","2020",14451,NA,NA
"1454",648,"Reg-Cov","2021",759466.9,NA,NA
"1455",648,"Reg-Cov","2022",1627787.53,NA,NA
"1456",660,"Reg-Cov","2021",24023,NA,NA
"1457",662,"Reg-Cov","2018",57742.39,NA,NA
"1458",662,"Reg-Cov","2020",830982,NA,NA
"1459",662,"Reg-Cov","2022",41891,NA,NA
"1460",662,"Turismo","2021",7500,NA,NA
"1461",664,"Reg-Cov","2021",146080,NA,NA
"1462",664,"Reg-Cov","2022",1332575.26,NA,NA
"1463",667,"Detectar","2022",41895,NA,NA
"1464",667,"Detectar","A Vencer",551329,NA,NA
"1465",667,"Reg-Cov","",430530,NA,NA
"1466",667,"Reg-Cov","2022",102463,NA,67760
"1467",667,"Reg-Cov","A Vencer",394723,NA,NA
"1468",672,"Reg-Cov","2022",28511.24,NA,NA
"1469",673,"Reg-Cov","2021",11225,NA,NA
"1470",673,"Reg-Cov","2022",23927,NA,NA
"1471",674,"Reg-Cov","2021",24038,NA,NA
"1472",675,"Reg-Cov","2022",7477221.39,NA,NA
"1473",677,"Reg-Cov","2021",2115624.72,NA,NA
"1474",677,"Reg-Cov","2022",4428,NA,NA
"1475",688,"Detectar","",6027494,NA,NA
"1476",688,"Detectar","2021",12738134,NA,NA
"1477",688,"Detectar","2022",11566765.74,NA,NA
"1478",688,"Detectar","A Vencer",6503902,NA,NA
"1479",688,"Reg-Cov","",25357612.48,NA,NA
"1480",688,"Reg-Cov","2019",3273861.55,NA,NA
"1481",688,"Reg-Cov","2020",35299215.75,NA,NA
"1482",688,"Reg-Cov","2021",131915959.91,NA,NA
"1483",688,"Reg-Cov","2022",123797031.4,NA,NA
"1484",688,"Reg-Cov","A Vencer",19843394.42,NA,NA
"1485",688,"Turismo","2021",10231934.96,NA,NA
"1486",688,"Turismo","2022",4042400.74,NA,NA
"1487",690,"Detectar","2022",2974,NA,2974
"1488",693,"Detectar","",4575,NA,NA
"1489",693,"Reg-Cov","2017",272,NA,NA
"1490",693,"Reg-Cov","2019",4072,NA,NA
"1491",693,"Reg-Cov","2020",6424,NA,NA
"1492",693,"Reg-Cov","2021",6515,NA,NA
"1493",693,"Reg-Cov","2022",314971.2,NA,NA
"1494",695,"Reg-Cov","2018",2347,NA,NA
"1495",695,"Reg-Cov","2020",2033,NA,NA
"1496",696,"Detectar","",4178,NA,NA
"1497",698,"Reg-Cov","",1174827.02,NA,NA
"1498",698,"Reg-Cov","2022",502288.55,NA,NA
"1499",698,"Reg-Cov","A Vencer",7396812.16,NA,NA
"1500",700,"Detectar","2022",8953,NA,NA
"1501",700,"Reg-Cov","2022",16483,NA,NA
"1502",700,"Turismo","2022",16400,NA,NA
"1503",701,"Detectar","2021",8589,NA,NA
"1504",701,"Detectar","2022",6143,NA,NA
"1505",701,"Detectar","A Vencer",737670,NA,NA
"1506",701,"Reg-Cov","",2082655.62,NA,NA
"1507",701,"Reg-Cov","2018",34421.08,NA,NA
"1508",701,"Reg-Cov","2021",381321,NA,NA
"1509",701,"Reg-Cov","2022",643712.38,NA,46284
"1510",701,"Reg-Cov","A Vencer",6942681.84,NA,258488.08
"1511",704,"Detectar","2022",1487,NA,NA
"1512",704,"Reg-Cov","2022",30257,NA,29951
"1513",706,"Detectar","2022",7528,NA,NA
"1514",706,"Reg-Cov","2021",12136,NA,NA
"1515",707,"Reg-Cov","A Vencer",33108,NA,NA
"1516",708,"Detectar","2022",8356,NA,NA
"1517",708,"Reg-Cov","2022",16850,NA,NA
"1518",709,"Detectar","2021",35515,NA,NA
"1519",709,"Reg-Cov","2021",696878.08,NA,NA
"1520",709,"Reg-Cov","2022",34426,NA,NA
"1521",709,"Turismo","2021",273.4,NA,NA
"1522",715,"Reg-Cov","",174958,NA,NA
"1523",715,"Reg-Cov","2021",12000,NA,6400.01
"1524",715,"Reg-Cov","2022",3252.65,NA,3252.65
"1525",724,"Reg-Cov","2021",18680.37,NA,NA
"1526",726,"Reg-Cov","2021",29744,NA,NA
"1527",731,"Reg-Cov","",150631,NA,NA
"1528",732,"Reg-Cov","",119646.92,NA,NA
"1529",732,"Reg-Cov","2021",1063106.34,NA,NA
"1530",732,"Reg-Cov","2022",406495.88,NA,NA
"1531",732,"Reg-Cov","A Vencer",78874,NA,NA
"1532",776,"Reg-Cov","2019",7276.42,NA,NA
"1533",788,"Turismo","2021",2500,NA,NA
"1534",792,"Reg-Cov","2022",738910.81,NA,NA
"1535",792,"Reg-Cov","A Vencer",274401,NA,NA
"1536",830,"Reg-Cov","2021",232617.52,NA,NA
"1537",830,"Reg-Cov","2022",4642,NA,NA
"1538",834,"Reg-Cov","2022",82020,NA,80000
"1539",846,"Reg-Cov","",3935645.41,NA,NA
"1540",852,"Reg-Cov","",572196.86,NA,NA
"1541",853,"Detectar","2022",134847,NA,NA
"1542",853,"Reg-Cov","2021",22531,NA,NA
"1543",853,"Turismo","2021",275060,NA,NA
"1544",871,"Reg-Cov","2018",8025.55,NA,NA
"1545",874,"Detectar","2021",25360,NA,NA
"1546",876,"Reg-Cov","2021",10310,NA,NA
"1547",876,"Reg-Cov","2022",900,NA,NA
"1548",894,"Detectar","",12124,NA,NA
"1549",894,"Detectar","2021",8356,8356,NA
"1550",894,"Detectar","2022",7466,NA,NA
"1551",894,"Turismo","2021",241440,241440,NA
"1552",898,"Reg-Cov","2022",193838.97,NA,NA
"1553",900,"Reg-Cov","",310709.9,NA,NA
"1554",900,"Reg-Cov","A Vencer",349726,NA,346962
"1555",902,"Reg-Cov","2022",556616.59,NA,NA
"1556",903,"Turismo","2021",5000,NA,NA
"1557",912,"Detectar","",1061527,NA,NA
"1558",912,"Detectar","A Vencer",773568,NA,267931.75
"1559",912,"Reg-Cov","",1689156.56,NA,NA
"1560",912,"Reg-Cov","A Vencer",1334658.93,NA,267931.75
"1561",919,"Reg-Cov","2021",6068,NA,NA
"1562",919,"Turismo","2021",18060,NA,NA
"1563",922,"Reg-Cov","2021",70636,NA,NA
"1564",922,"Turismo","2021",150600,NA,NA
"1565",923,"Detectar","",751945,NA,NA
"1566",923,"Reg-Cov","",873682.04,NA,NA
"1567",923,"Reg-Cov","2018",12140,NA,NA
"1568",923,"Reg-Cov","2020",1196,NA,NA
"1569",923,"Reg-Cov","2021",6500,NA,NA
"1570",923,"Reg-Cov","2022",681200.34,NA,385376.34
"1571",923,"Reg-Cov","A Vencer",54661,NA,NA
"1572",924,"Detectar","A Vencer",70013,NA,NA
"1573",924,"Reg-Cov","",30698,NA,NA
"1574",924,"Reg-Cov","2022",2308,NA,NA
"1575",924,"Reg-Cov","A Vencer",11911,NA,NA
"1576",943,"Turismo","2021",2500,NA,NA
"1577",946,"Reg-Cov","2018",84907,NA,NA
"1578",946,"Reg-Cov","2019",551251.46,NA,NA
"1579",951,"Detectar","2022",19079,NA,NA
"1580",951,"Reg-Cov","",7240793,NA,NA
"1581",951,"Reg-Cov","2022",713539.59,NA,NA
"1582",951,"Reg-Cov","A Vencer",2096359.94,NA,NA
"1583",955,"Reg-Cov","2022",918039,NA,NA
"1584",968,"Detectar","2022",14901,NA,NA
"1585",968,"Reg-Cov","2017",94,NA,NA
"1586",968,"Reg-Cov","2022",40518,NA,NA
"1587",968,"Reg-Cov","A Vencer",61593,NA,NA
"1588",974,"Detectar","",3646463,NA,NA
"1589",974,"Detectar","A Vencer",818338,NA,NA
"1590",974,"Reg-Cov","",1342183,NA,NA
"1591",974,"Reg-Cov","2022",862960,NA,NA
"1592",974,"Reg-Cov","A Vencer",1671916.34,NA,NA
"1593",975,"Detectar","2022",10318,NA,5156
"1594",975,"Reg-Cov","",83010,NA,NA
"1595",975,"Reg-Cov","2022",2440138.88,NA,2319120.55
"1596",975,"Reg-Cov","A Vencer",39764,NA,NA
"1597",1003,"Detectar","A Vencer",802360,NA,NA
"1598",1003,"Reg-Cov","",573971.27,NA,NA
"1599",1003,"Reg-Cov","2022",721342.34,NA,NA
"1600",1003,"Reg-Cov","A Vencer",561201,NA,NA
"1601",1014,"Detectar","A Vencer",262037,NA,262037
"1602",1014,"Reg-Cov","A Vencer",39561,NA,39561
"1603",1016,"Detectar","A Vencer",228910,NA,NA
"1604",1016,"Reg-Cov","",28894,NA,NA
"1605",1016,"Reg-Cov","2021",14148,NA,NA
"1606",1016,"Reg-Cov","2022",40547,NA,NA
"1607",1016,"Reg-Cov","A Vencer",102972.02,NA,NA
"1608",1018,"Detectar","2022",371936,NA,432317
"1609",1018,"Reg-Cov","2022",71429,NA,432317
"1610",1018,"Reg-Cov","A Vencer",68251,NA,70548
"1611",1019,"Detectar","2022",283209,NA,2788755.37
"1612",1019,"Detectar","A Vencer",4215426,NA,NA
"1613",1019,"Reg-Cov","",6390228.5,NA,6890.59
"1614",1019,"Reg-Cov","2022",5257580.34,NA,3172980.25
"1615",1019,"Reg-Cov","A Vencer",7452206.46,NA,NA
"1616",1019,"Turismo","2022",28347,NA,28347
"1617",1022,"Detectar","",547604,NA,NA
"1618",1022,"Detectar","2021",4575,4575,NA
"1619",1022,"Detectar","2022",173907,173907,NA
"1620",1022,"Detectar","A Vencer",61324,NA,NA
"1621",1022,"Reg-Cov","",100565,NA,NA
"1622",1022,"Reg-Cov","2021",241936.58,241936.58,NA
"1623",1022,"Reg-Cov","2022",554990.04,357750.69,NA
"1624",1022,"Reg-Cov","A Vencer",173054,NA,NA
"1625",1022,"Turismo","2021",5000,5000,NA
"1626",1024,"Reg-Cov","2022",20847,NA,NA
"1627",1025,"Turismo","2021",2500,NA,NA
"1628",1031,"Turismo","2021",201440,NA,NA
"1629",1034,"Reg-Cov","2020",15458,NA,NA
"1630",1035,"Detectar","2021",24240,NA,NA
"1631",1035,"Detectar","A Vencer",64552,NA,NA
"1632",1035,"Reg-Cov","2019",1249.21,NA,NA
"1633",1035,"Reg-Cov","2021",12479,NA,NA
"1634",1035,"Reg-Cov","2022",167702.58,NA,NA
"1635",1035,"Reg-Cov","A Vencer",255013,NA,NA
"1636",1035,"Turismo","2021",25280,NA,NA
"1637",1043,"Reg-Cov","",26089,NA,NA
"1638",1043,"Reg-Cov","2019",379,NA,NA
"1639",1043,"Reg-Cov","2021",20946,NA,NA
"1640",1043,"Turismo","2021",86140,NA,NA
"1641",1044,"Reg-Cov","2021",530,NA,NA
"1642",1061,"Reg-Cov","2020",15997,NA,NA
"1643",1063,"Reg-Cov","A Vencer",13147,NA,NA
"1644",1065,"Turismo","2021",5000,NA,NA
"1645",1069,"Reg-Cov","2022",146722679.22,NA,NA
"1646",1072,"Detectar","",1487,NA,NA
"1647",1072,"Reg-Cov","",5258,NA,NA
"1648",1081,"Reg-Cov","A Vencer",70480.52,NA,NA
"1649",1083,"Detectar","2021",37074,37074,NA
"1650",1083,"Detectar","2022",26742,NA,NA
"1651",1083,"Detectar","A Vencer",128688,NA,NA
"1652",1083,"Reg-Cov","",458104.53,NA,NA
"1653",1083,"Reg-Cov","2021",1208158.97,1208158.97,NA
"1654",1083,"Reg-Cov","2022",6638801.85,173566,NA
"1655",1083,"Reg-Cov","A Vencer",459099.22,NA,NA
"1656",1083,"Turismo","2021",8060,8060,NA
"1657",1086,"Turismo","2021",18060,NA,NA
"1658",1089,"Reg-Cov","2017",1841,NA,NA
"1659",1091,"Detectar","2022",20062,NA,NA
"1660",1091,"Reg-Cov","",21395,NA,NA
"1661",1091,"Reg-Cov","2022",954,NA,NA
"1662",1093,"Reg-Cov","2022",82734.3,NA,NA
"1663",1105,"Reg-Cov","",402869,NA,NA
"1664",1106,"Reg-Cov","2022",869488.52,NA,869488.52
"1665",1108,"Detectar","",14815,NA,NA
"1666",1110,"Reg-Cov","",120603,NA,NA
"1667",1110,"Reg-Cov","2017",346.86,NA,NA
"1668",1110,"Reg-Cov","2022",344107,NA,NA
"1669",1110,"Reg-Cov","A Vencer",181681.96,NA,NA
"1670",1110,"Turismo","2022",12780,NA,NA
"1671",1112,"Reg-Cov","2022",82520,NA,NA
"1672",1113,"Reg-Cov","2021",8567,NA,NA
"1673",1117,"Detectar","",1703763,NA,NA
"1674",1117,"Detectar","2021",13334.7,NA,NA
"1675",1117,"Detectar","2022",545358.2,NA,NA
"1676",1117,"Reg-Cov","",646840.11,NA,NA
"1677",1117,"Reg-Cov","2021",23444.7,NA,NA
"1678",1117,"Reg-Cov","2022",931010.83,NA,103627
"1679",1117,"Reg-Cov","A Vencer",412344,NA,NA
"1680",1120,"Turismo","2021",40840,40840,NA
"1681",1123,"Reg-Cov","2022",911926.45,NA,NA
"1682",1125,"Detectar","2021",1030007,NA,NA
"1683",1125,"Detectar","2022",1763818,NA,NA
"1684",1125,"Reg-Cov","2021",1508681.07,1508681.07,NA
"1685",1125,"Reg-Cov","2022",4044312.87,1316690.93,NA
"1686",1125,"Turismo","2021",1170020,NA,NA
"1687",1128,"Detectar","2021",98809,NA,NA
"1688",1128,"Detectar","2022",66878,NA,101346.09
"1689",1128,"Detectar","A Vencer",463015,NA,NA
"1690",1128,"Reg-Cov","",545724.5,NA,NA
"1691",1128,"Reg-Cov","2021",522112.27,NA,498812.27
"1692",1128,"Reg-Cov","2022",1366233.4,NA,484282.65
"1693",1128,"Reg-Cov","A Vencer",1035355.1,NA,NA
"1694",1129,"Detectar","2022",76273,NA,NA
"1695",1129,"Reg-Cov","2019",16968,NA,NA
"1696",1129,"Reg-Cov","2020",3116,NA,NA
"1697",1129,"Reg-Cov","2021",2530,NA,NA
"1698",1129,"Reg-Cov","2022",1481,NA,NA
"1699",1129,"Turismo","2021",230907.68,NA,NA
"1700",1130,"Reg-Cov","2021",909467.08,NA,NA
"1701",1131,"Turismo","2021",5000,NA,NA
"1702",1133,"Reg-Cov","2020",4912,NA,NA
"1703",1133,"Reg-Cov","2022",1078569,NA,NA
"1704",1139,"Detectar","2022",30227,NA,NA
"1705",1139,"Reg-Cov","",15734,NA,NA
"1706",1139,"Reg-Cov","2022",2887,NA,NA
"1707",1139,"Reg-Cov","A Vencer",1588456.2,NA,41889
"1708",1140,"Reg-Cov","A Vencer",5168,NA,5168
"1709",1144,"Detectar","",1523908,NA,NA
"1710",1144,"Detectar","A Vencer",245566,NA,NA
"1711",1144,"Reg-Cov","",2462260.08,NA,NA
"1712",1144,"Reg-Cov","2022",378162,NA,NA
"1713",1144,"Reg-Cov","A Vencer",1190989.37,NA,NA
"1714",1150,"Reg-Cov","2018",730.99,NA,NA
"1715",1153,"Reg-Cov","2017",3805,NA,NA
"1716",1155,"Reg-Cov","2019",15833,NA,NA
"1717",1156,"Reg-Cov","2017",4708,NA,NA
"1718",1158,"Turismo","2021",2500,NA,NA
"1719",1161,"Detectar","2021",4178,NA,NA
"1720",1161,"Reg-Cov","2021",2229614.94,NA,NA
"1721",1161,"Reg-Cov","2022",91782,NA,NA
"1722",1163,"Detectar","A Vencer",232594,NA,NA
"1723",1163,"Reg-Cov","",39923,NA,NA
"1724",1163,"Reg-Cov","A Vencer",2998370.98,NA,153822
"1725",1164,"Reg-Cov","2020",285737.62,NA,NA
"1726",1164,"Reg-Cov","2021",10310,NA,NA
"1727",1166,"Detectar","2022",60655,NA,NA
"1728",1170,"Reg-Cov","2020",32859,NA,NA
"1729",1174,"Detectar","",1446357,NA,NA
"1730",1174,"Detectar","2021",4575,NA,NA
"1731",1174,"Detectar","2022",604600,NA,NA
"1732",1174,"Detectar","A Vencer",2351296,NA,NA
"1733",1174,"Reg-Cov","",5528405.89,NA,NA
"1734",1174,"Reg-Cov","2021",4575,NA,NA
"1735",1174,"Reg-Cov","2022",1858482,NA,NA
"1736",1174,"Reg-Cov","A Vencer",8987933.64,NA,NA
"1737",1175,"Detectar","",12308,NA,NA
"1738",1177,"Turismo","2021",20280,NA,NA
"1739",1179,"Detectar","2021",108612,108612,NA
"1740",1179,"Detectar","2022",634555,634555,NA
"1741",1179,"Detectar","A Vencer",1122593,NA,1123490
"1742",1179,"Reg-Cov","",3468880.85,NA,NA
"1743",1179,"Reg-Cov","2021",1399849.74,1399849.74,NA
"1744",1179,"Reg-Cov","2022",2423929.36,2301038.36,NA
"1745",1179,"Reg-Cov","A Vencer",5378112.58,NA,1703894.11
"1746",1179,"Turismo","2021",100860,100860,NA
"1747",1179,"Turismo","2022",634555,634555,NA
"1748",1182,"Detectar","2022",128358,NA,NA
"1749",1182,"Reg-Cov","",65865,NA,NA
"1750",1182,"Reg-Cov","2022",325968.78,NA,51499.6
"1751",1182,"Reg-Cov","A Vencer",128541,NA,NA
"1752",1184,"Detectar","",9037060,NA,NA
"1753",1184,"Detectar","2021",1403048,NA,NA
"1754",1184,"Detectar","2022",314821,NA,NA
"1755",1184,"Detectar","A Vencer",1615605,NA,1615605
"1756",1184,"Reg-Cov","",1507045.07,NA,NA
"1757",1184,"Reg-Cov","2021",1872338.55,NA,NA
"1758",1184,"Reg-Cov","2022",327570,311287,NA
"1759",1184,"Reg-Cov","A Vencer",5964665.19,NA,4332145.84
"1760",1184,"Turismo","2021",1288820,NA,NA
"1761",1190,"Reg-Cov","2021",1197,NA,NA
"1762",1190,"Turismo","2021",150040,NA,NA
"1763",2007,"Reg-Cov","2019",2094.8,NA,NA
"1764",2007,"Reg-Cov","2020",24313,NA,NA
"1765",2007,"Turismo","2021",10000,NA,NA
"1766",2009,"Detectar","A Vencer",392298,NA,NA
"1767",2009,"Reg-Cov","",113410,NA,NA
"1768",2009,"Reg-Cov","2020",77275,NA,NA
"1769",2009,"Reg-Cov","2021",337175,NA,NA
"1770",2009,"Reg-Cov","2022",1112536.24,NA,NA
"1771",2009,"Reg-Cov","A Vencer",1073268.09,NA,607039.09
"1772",2010,"Reg-Cov","A Vencer",97302.28,NA,NA
"1773",2011,"Detectar","2022",11679,NA,NA
"1774",2011,"Reg-Cov","2022",7501,NA,NA
"1775",2011,"Reg-Cov","A Vencer",120326,NA,NA
"1776",2014,"Reg-Cov","2018",146611.43,NA,NA
"1777",2017,"Detectar","2021",37346,NA,48314
"1778",2017,"Detectar","2022",19183,NA,106165
"1779",2017,"Detectar","A Vencer",105881,NA,NA
"1780",2017,"Reg-Cov","",103954,NA,NA
"1781",2017,"Reg-Cov","2020",25128,NA,NA
"1782",2017,"Reg-Cov","2021",77043,NA,103475
"1783",2017,"Reg-Cov","2022",1149602.8,NA,296614
"1784",2017,"Reg-Cov","A Vencer",70611,NA,70611
"1785",2019,"Reg-Cov","2019",21970,NA,NA
"1786",2021,"Reg-Cov","2020",867,NA,NA
"1787",2021,"Reg-Cov","A Vencer",61205,NA,NA
"1788",2023,"Detectar","2022",80586,NA,NA
"1789",2023,"Detectar","A Vencer",97411,NA,NA
"1790",2023,"Reg-Cov","2022",12901,NA,NA
"1791",2023,"Turismo","2021",183380,NA,NA
"1792",2024,"Reg-Cov","A Vencer",36036,NA,NA
"1793",2027,"Reg-Cov","2019",54194,NA,NA
"1794",2029,"Reg-Cov","",113823,NA,NA
"1795",2031,"Detectar","2022",14832,NA,NA
"1796",2031,"Reg-Cov","2021",12768,NA,NA
"1797",2031,"Reg-Cov","A Vencer",7810,NA,NA
"1798",2031,"Turismo","2021",5000,NA,NA
"1799",2032,"Detectar","2022",23571,NA,NA
"1800",2032,"Reg-Cov","",71505,NA,NA
"1801",2032,"Reg-Cov","2021",14733,NA,NA
"1802",2033,"Reg-Cov","",24926965.14,NA,NA
"1803",2033,"Reg-Cov","2019",115886697.3,NA,NA
"1804",2033,"Reg-Cov","2020",377000,NA,NA
"1805",2033,"Reg-Cov","2021",97456783,NA,NA
"1806",2033,"Reg-Cov","2022",82120572.14,NA,NA
"1807",2033,"Reg-Cov","A Vencer",23980939.5,NA,NA
"1808",2034,"Detectar","2022",197787,142675,NA
"1809",2034,"Reg-Cov","2021",2177181,NA,NA
"1810",2034,"Reg-Cov","2022",542678,5524,NA
"1811",2034,"Reg-Cov","A Vencer",5245,NA,NA
"1812",2034,"Turismo","2021",98060,NA,NA
"1813",2035,"Detectar","2021",12120,12120,NA
"1814",2035,"Reg-Cov","",13503,NA,NA
"1815",2035,"Reg-Cov","2021",9419,9419,NA
"1816",2035,"Reg-Cov","2022",47593,47593,NA
"1817",2035,"Reg-Cov","A Vencer",48810,NA,NA
"1818",2035,"Turismo","2021",54740,54740,NA
"1819",2036,"Reg-Cov","2019",6573,NA,NA
"1820",2036,"Turismo","2021",2780,NA,NA
"1821",2037,"Detectar","2022",32276,NA,NA
"1822",2037,"Reg-Cov","2020",10184,NA,NA
"1823",2037,"Reg-Cov","2021",22837,NA,NA
"1824",2037,"Reg-Cov","2022",606218,NA,NA
"1825",2037,"Turismo","2021",2780,NA,NA
"1826",2040,"Detectar","",9036,NA,NA
"1827",2040,"Detectar","2021",30528,NA,NA
"1828",2040,"Detectar","2022",4178,NA,NA
"1829",2040,"Reg-Cov","2021",231099.71,NA,NA
"1830",2040,"Reg-Cov","2022",819162.5,NA,NA
"1831",2040,"Reg-Cov","A Vencer",150937.41,NA,NA
"1832",2046,"Detectar","",1364216,NA,NA
"1833",2046,"Detectar","2021",100498,NA,92214
"1834",2046,"Detectar","2022",252745,NA,NA
"1835",2046,"Reg-Cov","",190399,NA,NA
"1836",2046,"Reg-Cov","2021",132566,NA,92214
"1837",2046,"Reg-Cov","2022",1030052.1,NA,435902
"1838",2046,"Reg-Cov","A Vencer",585024,NA,NA
"1839",2046,"Turismo","2022",52500,NA,NA
"1840",2049,"Reg-Cov","2022",1401503.48,NA,NA
"1841",2053,"Reg-Cov","",17528,NA,NA
"1842",2053,"Reg-Cov","2022",79462,NA,21376
"1843",2054,"Turismo","2021",12500,NA,NA
"1844",2056,"Detectar","",25068,NA,NA
"1845",2056,"Reg-Cov","",45248,NA,NA
"1846",2056,"Reg-Cov","2022",38718,NA,23693
"1847",2060,"Detectar","A Vencer",4178,NA,NA
"1848",2063,"Reg-Cov","2022",483816.27,NA,NA
"1849",2064,"Reg-Cov","2022",2369828,NA,NA
